"","Submission.id","Participant.id","Status","Custom.study.tncs.accepted.at","Started.at","Completed.at","Reviewed.at","Archived.at","Time.taken","Completion.code","Total.approvals","Age","Sex","Ethnicity.simplified","Country.of.birth","Country.of.residence","Nationality","Language","Student.status","Employment.status"
"1","698dc6e9a715d6191171ff5e","683cbc0c0c2d722831c8bc17","AWAITING REVIEW","Not Applicable","2026-02-12T12:26:23.275000Z","2026-02-12T13:01:45.776000Z",NA,"2026-02-12T13:01:46.140443Z",2123,"CWLQFHAM",2066,"49","Female","White","United States","United States","United States","English","No","Part-Time"
"2","698dc766aae1dcd5035bda2d","697dd67958db8cc58de94953","AWAITING REVIEW","Not Applicable","2026-02-12T12:28:42.995000Z","2026-02-12T12:58:10.304000Z",NA,"2026-02-12T12:58:10.661619Z",1768,"CWLQFHAM",223,"32","Female","Mixed","United States","United States","United States","English","No","Part-Time"
"3","698dc804a844c607be2cffef","5f627a1e4b807f1aa7e35280","AWAITING REVIEW","Not Applicable","2026-02-12T12:31:03.239000Z","2026-02-12T12:54:23.148000Z",NA,"2026-02-12T12:54:23.500651Z",1400,"CWLQFHAM",6091,"52","Female","White","United States","United States","United States","English","No","Full-Time"
"4","698dc593cc4afc5d7d03bd54","67e73cc7cf25bb683f36f62c","ACTIVE","Not Applicable","2026-02-12T12:21:27.427000Z","",NA,"",2826,"",4730,"21","Male","White","United States","United States","United States","English","Yes","Full-Time"
"5","698dc686a3f61cb58bfd9e0e","668c8323480134a3e3b9156e","RETURNED","Not Applicable","","",NA,"",NA,"",2854,"CONSENT_REVOKED","CONSENT_REVOKED","CONSENT_REVOKED","CONSENT_REVOKED","CONSENT_REVOKED","CONSENT_REVOKED","CONSENT_REVOKED","CONSENT_REVOKED","CONSENT_REVOKED"
"6","698dc84d94258474f4e66389","6942c1d48b8545e38cacc626","RETURNED","Not Applicable","2026-02-12T12:32:17.558000Z","",NA,"",NA,"",1764,"CONSENT_REVOKED","CONSENT_REVOKED","CONSENT_REVOKED","CONSENT_REVOKED","CONSENT_REVOKED","CONSENT_REVOKED","CONSENT_REVOKED","CONSENT_REVOKED","CONSENT_REVOKED"
"7","698dc8d75ec639314a5630c5","66ef36768bc403140fa01e35","RETURNED","Not Applicable","2026-02-12T12:34:34.435000Z","",NA,"",NA,"",2371,"CONSENT_REVOKED","CONSENT_REVOKED","CONSENT_REVOKED","CONSENT_REVOKED","CONSENT_REVOKED","CONSENT_REVOKED","CONSENT_REVOKED","CONSENT_REVOKED","CONSENT_REVOKED"
"8","698df3c5357d3b667db62651","67e830bb6eaebc236b9cd37e","AWAITING REVIEW","Not Applicable","2026-02-12T15:37:50.284000Z","2026-02-12T16:04:28.179000Z","","2026-02-12T16:04:28.526000Z",1598,"CWLQFHAM",5418,"63","Female","White","United States","United States","United States","English","No","Full-Time"
"9","698df6a0f229dcca9a8d590f","669150c4ca6ea56274c3e472","AWAITING REVIEW","Not Applicable","2026-02-12T15:49:55.394000Z","2026-02-12T16:08:50.504000Z","","2026-02-12T16:08:50.874742Z",1136,"CWLQFHAM",546,"25","Male","White","United States","United States","United States","English","No","Full-Time"
"10","698df6a2464b0007dbb8c17a","6702c3ee33eed6369eb34c8f","AWAITING REVIEW","Not Applicable","2026-02-12T15:50:00.318000Z","2026-02-12T16:18:34.602000Z","","2026-02-12T16:18:34.969185Z",1715,"CWLQFHAM",1250,"45","Male","Mixed","United States","United States","United States","English","DATA_EXPIRED","DATA_EXPIRED"
"11","698df6a51ea53ae88bc94c32","5ba91685d08ab20001c83a13","AWAITING REVIEW","Not Applicable","2026-02-12T15:50:04.748000Z","2026-02-12T16:09:03.939000Z","","2026-02-12T16:09:04.281593Z",1140,"CWLQFHAM",1325,"35","Male","White","Ireland","United States","United States","English","No","Full-Time"
"12","698e0065e60c0eff1f184d4a","680c0636408121caf12fe0d1","AWAITING REVIEW","Not Applicable","2026-02-12T16:32:16.192000Z","2026-02-12T17:09:56.824000Z","","2026-02-12T17:09:57.161708Z",2261,"CWLQFHAM",6884,"62","Female","Black","United States","United States","United States","English","Yes","DATA_EXPIRED"
"13","698e0cd2dae44ce62970d15e","6369700320bc7dd22e733009","AWAITING REVIEW","Not Applicable","2026-02-12T17:24:40.773000Z","2026-02-12T17:44:37.483000Z","","2026-02-12T17:44:37.939864Z",1197,"CWLQFHAM",10741,"67","Female","White","United States","United States","United States","English","No","Not in paid work (e.g. homemaker', 'retired or disabled)"
"14","698e0d0d043be69f07b77816","67ddf7048bb4a1eb57c71031","AWAITING REVIEW","Not Applicable","2026-02-12T17:32:20.279000Z","2026-02-12T18:36:35.468000Z","","2026-02-12T18:37:49.574250Z",3856,"NOCODE",1949,"39","Male","White","United States","United States","United States","English","No","Full-Time"
"15","698e0d4c98f2106882d2ec6b","617323e630f3fa36361cb35b","AWAITING REVIEW","Not Applicable","2026-02-12T17:26:40.691000Z","2026-02-12T17:46:42.158000Z","","2026-02-12T17:46:42.500454Z",1202,"CWLQFHAM",8585,"55","Female","White","United States","United States","United States","English","No","Full-Time"
"16","698e0d51e300501eaa785176","5ad7835e9c198c0001fad31a","AWAITING REVIEW","Not Applicable","2026-02-12T17:35:14.121000Z","2026-02-12T18:05:51.016000Z","","2026-02-12T18:05:51.527064Z",1837,"CWLQFHAM",2672,"37","Female","White","United States","United States","United States","English","No","Unemployed (and job seeking)"
"17","698e0d8150a54e3e4dd5b9ed","616c056b42e788ef31efc4b0","AWAITING REVIEW","Not Applicable","2026-02-12T17:27:33.459000Z","2026-02-12T17:56:24.943000Z","","2026-02-12T17:56:25.299920Z",1732,"CWLQFHAM",10035,"41","Female","Asian","United States","United States","United States","English","No","Full-Time"
"18","698e0d8c2e9a686542cb12d8","5c1827dbebe9950001752e40","AWAITING REVIEW","Not Applicable","2026-02-12T17:27:44.120000Z","2026-02-12T17:45:47.846000Z","","2026-02-12T17:45:48.189794Z",1084,"CWLQFHAM",4520,"34","Male","White","United States","United States","United States","English","No","Full-Time"
"19","698e0de9b4dcf8a3af4a9414","66cd40ce9bb246e2dc55429e","AWAITING REVIEW","Not Applicable","2026-02-12T17:29:17.273000Z","2026-02-12T17:49:12.180000Z","","2026-02-12T17:49:12.584241Z",1195,"CWLQFHAM",1163,"35","Male","White","United States","United States","United States","English","DATA_EXPIRED","DATA_EXPIRED"
"20","698e0df828e87679d144bcfc","6764cce7a10cc8e279651a57","AWAITING REVIEW","Not Applicable","2026-02-12T17:29:35.621000Z","2026-02-12T18:30:44.712000Z","","2026-02-12T18:30:45.082443Z",3670,"CWLQFHAM",5535,"31","Male","White","United States","United States","United States","English","Yes","Full-Time"
"21","698e0e4e8fe107d625a21eab","682634b74da614d118d7990e","AWAITING REVIEW","Not Applicable","2026-02-12T17:30:59.648000Z","2026-02-12T17:56:38.883000Z","","2026-02-12T17:56:39.235962Z",1540,"CWLQFHAM",2178,"28","Male","White","United States","United States","United States","English","No","Full-Time"
"22","698e0e6435cb932ad7c990af","654d03ec6d9ed752946923cd","AWAITING REVIEW","Not Applicable","2026-02-12T17:31:20.576000Z","2026-02-12T18:21:44.817000Z","","2026-02-12T18:21:45.177264Z",3025,"CWLQFHAM",697,"52","Male","White","United States","United States","United States","English","DATA_EXPIRED","DATA_EXPIRED"
"23","698e0e8caa9d7da27e7e3253","5e7a2ccd69a7770604dfb352","AWAITING REVIEW","Not Applicable","2026-02-12T17:32:00.131000Z","2026-02-12T17:50:32.556000Z","","2026-02-12T17:50:32.914153Z",1113,"CWLQFHAM",13556,"52","Female","White","United States","United States","United States","English","No","Part-Time"
"24","698e0f298b0d3461667c01d0","694171da571767ed46eee2b0","AWAITING REVIEW","Not Applicable","2026-02-12T17:34:36.802000Z","2026-02-12T17:55:26.548000Z","","2026-02-12T17:55:26.944020Z",1250,"CWLQFHAM",758,"48","Female","White","United States","United States","United States","English","No","Other"
"25","698e0f46fbe01086af049ad5","64badb09518eb5b219132eea","AWAITING REVIEW","Not Applicable","2026-02-12T17:35:07.816000Z","2026-02-12T17:57:07.607000Z","","2026-02-12T17:57:07.989412Z",1320,"CWLQFHAM",4826,"44","Male","White","United States","United States","United States","English","DATA_EXPIRED","DATA_EXPIRED"
"26","698e0fbdda2c7ae8bd17a307","5f0a686635f72917e94c7a63","AWAITING REVIEW","Not Applicable","2026-02-12T17:37:53.720000Z","2026-02-12T18:05:02.900000Z","","2026-02-12T18:05:03.240445Z",1630,"CWLQFHAM",8753,"45","Female","Other","United States","United States","United States","English","No","Full-Time"
"27","698e103434ea9091f1698b0e","606cf604adbb6982bb382881","AWAITING REVIEW","Not Applicable","2026-02-12T17:39:07.106000Z","2026-02-12T18:01:49.882000Z","","2026-02-12T18:01:50.648836Z",1363,"CWLQFHAM",10250,"40","Male","White","United States","United States","United States","English","No","Full-Time"
"28","698e1037c1fbc02cff730ec4","66e9a6cf278a9806ebe7bd0b","AWAITING REVIEW","Not Applicable","2026-02-12T17:39:39.198000Z","2026-02-12T17:59:50.593000Z","","2026-02-12T17:59:50.942046Z",1212,"CWLQFHAM",3471,"36","Male","White","United States","United States","United States","English","No","Full-Time"
"29","698e105211e96b500f6f5ea2","697b8c64c1a826a7de68e7ae","AWAITING REVIEW","Not Applicable","2026-02-12T17:39:38.279000Z","2026-02-12T18:05:23.885000Z","","2026-02-12T18:05:24.221160Z",1546,"CWLQFHAM",148,"64","Female","White","United States","United States","United States","English","No","Unemployed (and job seeking)"
"30","698e1071ca23b5b74859b5b3","65c12f748c1ed7690f805fb4","AWAITING REVIEW","Not Applicable","2026-02-12T17:40:32.495000Z","2026-02-12T18:04:23.829000Z","","2026-02-12T18:04:24.240567Z",1432,"CWLQFHAM",1635,"59","Male","White","United States","United States","United States","English","No","Full-Time"
"31","698e10af6c0bc28f2b0ca5cc","615914a33224dc31f1045612","AWAITING REVIEW","Not Applicable","2026-02-12T17:41:10.153000Z","2026-02-12T18:08:51.874000Z","","2026-02-12T18:08:52.218223Z",1662,"CWLQFHAM",10512,"65","Male","White","United States","United States","United States","English","No","Full-Time"
"32","698e115251dcfc8ce4421876","66a02d45a7db35d93c9f6a81","AWAITING REVIEW","Not Applicable","2026-02-12T17:43:50.393000Z","2026-02-12T18:06:56.964000Z","","2026-02-12T18:06:57.317356Z",1387,"CWLQFHAM",6172,"27","Male","White","United States","United States","United States","English","Yes","Full-Time"
"33","698e118aa1173a47c43a8350","5ac5a9a9f69e940001d984b5","AWAITING REVIEW","Not Applicable","2026-02-12T17:44:45.444000Z","2026-02-12T18:02:48.874000Z","","2026-02-12T18:02:49.226862Z",1084,"CWLQFHAM",7185,"47","Male","White","United States","United States","United States","English","No","Part-Time"
"34","698e118dad1939e3c80d6cd0","6717f0ac88d9f27d9b79af31","AWAITING REVIEW","Not Applicable","2026-02-12T17:44:48.268000Z","2026-02-12T18:03:37.426000Z","","2026-02-12T18:03:37.816390Z",1130,"CWLQFHAM",2136,"50","Female","White","United States","United States","United States","English","No","Full-Time"
"35","698e1191c31099f41b10af03","6676de84b74db82737117749","AWAITING REVIEW","Not Applicable","2026-02-12T17:44:58.038000Z","2026-02-12T18:12:23.904000Z","","2026-02-12T18:12:24.306333Z",1646,"CWLQFHAM",1798,"71","Male","White","Brazil","United States","United States","Portuguese","No","Not in paid work (e.g. homemaker', 'retired or disabled)"
"36","698e11a1d2c7ea041ac70eed","612962f44f151ddfd0298c52","AWAITING REVIEW","Not Applicable","2026-02-12T17:45:11.611000Z","2026-02-12T18:08:15.526000Z","","2026-02-12T18:08:15.903478Z",1384,"CWLQFHAM",14772,"65","Male","White","United States","United States","United States","English","No","Full-Time"
"37","698e11a324e5a851ed2380cb","667871d17d7fdf0358f82a28","AWAITING REVIEW","Not Applicable","2026-02-12T17:45:11.419000Z","2026-02-12T18:04:01.901000Z","","2026-02-12T18:04:02.287926Z",1131,"CWLQFHAM",9611,"46","Male","White","United States","United States","United States","English","DATA_EXPIRED","DATA_EXPIRED"
"38","698e11ad4fdb02083b3ad20e","696171405853fc35f15a4872","AWAITING REVIEW","Not Applicable","2026-02-12T17:45:21.370000Z","2026-02-12T18:07:23.192000Z","","2026-02-12T18:07:23.538333Z",1322,"CWLQFHAM",110,"43","Female","White","United States","United States","United States","English","No","Other"
"39","698e11ccb6e398a40babb95a","67dd40b531ab9c33ff61e98e","AWAITING REVIEW","Not Applicable","2026-02-12T17:45:48.683000Z","2026-02-12T18:11:27.025000Z","","2026-02-12T18:11:27.396231Z",1539,"CWLQFHAM",2098,"35","Male","White","United States","United States","United States","English","DATA_EXPIRED","DATA_EXPIRED"
"40","698e11d2ac1768cf6ffa23e2","67e406244bfad9999a051c1e","AWAITING REVIEW","Not Applicable","2026-02-12T17:45:54.988000Z","2026-02-12T18:43:34.501000Z","","2026-02-12T18:43:34.853785Z",3460,"CWLQFHAM",1608,"37","Female","White","United States","United States","United States","English","DATA_EXPIRED","DATA_EXPIRED"
"41","698e12048c689ae4b40d8809","67dd4210d92f4c3aac8d944c","AWAITING REVIEW","Not Applicable","2026-02-12T17:46:44.313000Z","2026-02-12T18:51:27.643000Z","","2026-02-12T18:51:28.000692Z",3884,"CWLQFHAM",1434,"34","Male","Black","United States","United States","United States","English","DATA_EXPIRED","DATA_EXPIRED"
"42","698e12164b2ebe3991641736","65055af809999c0ee7cee26d","AWAITING REVIEW","Not Applicable","2026-02-12T17:47:05.219000Z","2026-02-12T18:11:32.475000Z","","2026-02-12T18:11:32.834547Z",1468,"CWLQFHAM",2837,"30","Female","Asian","United States","United States","United States","English","No","Full-Time"
"43","698e127a494a2226f83cd9ba","601848135aa9ba08c66cff6a","AWAITING REVIEW","Not Applicable","2026-02-12T17:48:46.265000Z","2026-02-12T18:09:50.080000Z","","2026-02-12T18:09:50.449950Z",1264,"CWLQFHAM",5041,"46","Male","Black","United States","United States","United States","English","No","Full-Time"
"44","698e128699b7bbebe11a5fa9","5d23460ad4c57900192b129c","AWAITING REVIEW","Not Applicable","2026-02-12T17:49:03.222000Z","2026-02-12T18:09:46.487000Z","","2026-02-12T18:09:46.836009Z",1244,"CWLQFHAM",8119,"38","Female","White","United States","United States","United States","English","No","Full-Time"
"45","698e128ae3afbd0280576507","62897d2024f826ea90b7efa1","AWAITING REVIEW","Not Applicable","2026-02-12T17:49:15.301000Z","2026-02-12T18:08:25.358000Z","","2026-02-12T18:08:25.728676Z",1151,"CWLQFHAM",12501,"72","Female","White","United States","United States","United States","English","No","Part-Time"
"46","698e1307e469b76215585deb","655f8b959477c803eb906622","AWAITING REVIEW","Not Applicable","2026-02-12T17:52:01.997000Z","2026-02-12T18:11:48.140000Z","","2026-02-12T18:11:48.477906Z",1187,"CWLQFHAM",1883,"22","Female","Asian","United Arab Emirates","United States","United States","Arabic","No","Unemployed (and job seeking)"
"47","698e135e35c7190233221494","60e37439f7c69f9e2d4466eb","AWAITING REVIEW","Not Applicable","2026-02-12T17:53:17.470000Z","2026-02-12T18:21:09.452000Z","","2026-02-12T18:21:09.812236Z",1672,"CWLQFHAM",5698,"62","Female","Black","United States","United States","United States","English","No","Part-Time"
"48","698e155d0153ce2ac10e9c6a","63bcf141136313265f65eec9","AWAITING REVIEW","Not Applicable","2026-02-12T18:01:08.739000Z","2026-02-12T18:33:07.537000Z","","2026-02-12T19:03:51.204511Z",1919,"CWLQFHAM",2471,"75","Female","White","United States","United States","United States","English","No","Not in paid work (e.g. homemaker', 'retired or disabled)"
"49","698e15651585687f59e6c6fb","67e1da8a432675c0e850e8d1","AWAITING REVIEW","Not Applicable","2026-02-12T18:01:15.793000Z","2026-02-12T18:26:27.512000Z","","2026-02-12T18:26:27.856942Z",1512,"CWLQFHAM",3287,"42","DATA_EXPIRED","White","United States","United States","United States","English","DATA_EXPIRED","DATA_EXPIRED"
"50","698e158568c8f1a1d0ac7db5","615e1782e969d4939045c54f","AWAITING REVIEW","Not Applicable","2026-02-12T18:01:59.101000Z","2026-02-12T18:47:55.630000Z","","2026-02-12T18:47:56.000703Z",2757,"CWLQFHAM",2376,"35","Male","Black","United States","United States","United States","English","DATA_EXPIRED","Full-Time"
"51","698e169d5d7161286f570011","659daa1ed4e13d6428103c1f","AWAITING REVIEW","Not Applicable","2026-02-12T18:06:47.939000Z","2026-02-12T18:24:22.696000Z","","2026-02-12T18:24:23.047093Z",1055,"CWLQFHAM",8409,"61","Female","Asian","India","United States","United States","Hindi","No","Not in paid work (e.g. homemaker', 'retired or disabled)"
"52","698e16ce1e6cadcfea3ad29f","66ac145b55e2055063cd4079","AWAITING REVIEW","Not Applicable","2026-02-12T18:07:18.092000Z","2026-02-12T18:53:21.830000Z","","2026-02-12T18:53:22.193666Z",2764,"CWLQFHAM",1917,"79","Male","White","United States","United States","United States","English","DATA_EXPIRED","DATA_EXPIRED"
"53","698e175e8f26033e42c5ef7a","5fb9b9c1c62f408e51e09e32","AWAITING REVIEW","Not Applicable","2026-02-12T18:09:39.207000Z","2026-02-12T18:35:24.592000Z","","2026-02-12T18:35:24.990811Z",1546,"CWLQFHAM",9961,"72","Female","White","United States","United States","United States","English","No","Part-Time"
"54","698e17df17c80273bf3b3790","66343f7910c04370761ae595","AWAITING REVIEW","Not Applicable","2026-02-12T18:11:43.410000Z","2026-02-12T18:36:48.585000Z","","2026-02-12T18:36:48.925297Z",1506,"CWLQFHAM",2622,"62","Male","White","United States","United States","United States","English","DATA_EXPIRED","Full-Time"
"55","698e17e6359da9fae17449e9","66d6584b97d5a0cfa409a09b","AWAITING REVIEW","Not Applicable","2026-02-12T18:11:55.863000Z","2026-02-12T18:37:11.021000Z","","2026-02-12T18:37:11.396265Z",1516,"CWLQFHAM",1878,"37","Female","White","United States","United States","United States","English","No","Full-Time"
"56","698e1834074f752c58e82ddd","5d4a36e8a61675000169036f","AWAITING REVIEW","Not Applicable","2026-02-12T18:13:23.460000Z","2026-02-12T18:36:13.590000Z","","2026-02-12T18:36:14.013681Z",1371,"CWLQFHAM",8190,"41","Female","White","United States","United States","United States","English","DATA_EXPIRED","DATA_EXPIRED"
"57","698e1840cc755c3dc1f31942","66e88979d6bb95675bfdd165","AWAITING REVIEW","Not Applicable","2026-02-12T18:13:24.914000Z","2026-02-12T18:43:15.498000Z","","2026-02-12T18:43:15.858689Z",1791,"CWLQFHAM",2278,"54","Female","White","United States","United States","United States","English","No","Full-Time"
"58","698e18b40f595779705be68a","682c3f62f2680e9a67130379","AWAITING REVIEW","Not Applicable","2026-02-12T18:15:27.745000Z","2026-02-12T18:48:27.654000Z","","2026-02-12T18:48:27.987189Z",1980,"CWLQFHAM",2681,"33","Male","White","United States","United States","United States","English","DATA_EXPIRED","Part-Time"
"59","698e1987315233065571198c","5cc5e72ce3c44e0015fdf990","AWAITING REVIEW","Not Applicable","2026-02-12T18:25:00.077000Z","2026-02-12T19:04:55.667000Z","","2026-02-12T19:04:56.004894Z",2396,"CWLQFHAM",11754,"31","Male","White","United States","United States","United States","English","No","Full-Time"
"60","698e1a147c8d2bf21b7dcfb3","66c396ad1fd21de8d95c3921","AWAITING REVIEW","Not Applicable","2026-02-12T18:21:15.631000Z","2026-02-12T18:51:30.841000Z","","2026-02-12T18:51:31.189843Z",1816,"CWLQFHAM",1428,"24","Male","Asian","United States","United States","United States","English","DATA_EXPIRED","Part-Time"
"61","698e1b16d321b3d66e565ad8","66afb09765f525abb800e628","AWAITING REVIEW","Not Applicable","2026-02-12T18:25:32.005000Z","2026-02-12T18:43:00.776000Z","","2026-02-12T18:43:01.120679Z",1049,"CWLQFHAM",4366,"55","Male","White","United Kingdom","United States","United States","English","No","Not in paid work (e.g. homemaker', 'retired or disabled)"
"62","698e1b6b19b1fa8a5aef5b56","653822a7bb1fae9976bb28a1","AWAITING REVIEW","Not Applicable","2026-02-12T18:26:57.547000Z","2026-02-12T18:46:17.140000Z","","2026-02-12T18:46:17.480876Z",1160,"CWLQFHAM",6038,"54","Female","White","United States","United States","United States","English","DATA_EXPIRED","DATA_EXPIRED"
"63","698e1c2108f2e06581e24203","674f22af21d6a0d92c657422","AWAITING REVIEW","Not Applicable","2026-02-12T18:29:57.175000Z","2026-02-12T18:48:11.366000Z","","2026-02-12T18:48:11.757768Z",1095,"CWLQFHAM",3455,"56","Female","White","Poland","United States","United States","Polish","No","Full-Time"
"64","698e1c59bd6666cf84258d90","5f4a7a00dc1bde60ab8f7ac5","AWAITING REVIEW","Not Applicable","2026-02-12T18:30:49.515000Z","2026-02-12T18:53:09.402000Z","","2026-02-12T18:53:09.770891Z",1340,"CWLQFHAM",17335,"31","Male","Asian","United States","United States","United States","English","No","Full-Time"
"65","698e1d64534d7aaa216e74ce","5bd0bb46a1b7c400019fb2ab","AWAITING REVIEW","Not Applicable","2026-02-12T18:35:19.095000Z","2026-02-12T19:02:39.656000Z","","2026-02-12T19:02:40.019152Z",1641,"CWLQFHAM",247,"27","Male","White","United States","United States","United States","English","Yes","Unemployed (and job seeking)"
"66","698e1ddcdd6cdd9126ad1a27","664babd04754ce9f840d34ed","AWAITING REVIEW","Not Applicable","2026-02-12T18:37:27.900000Z","2026-02-12T18:56:42.478000Z","","2026-02-12T18:56:42.835876Z",1155,"CWLQFHAM",437,"31","Female","White","United States","United States","United States","English","No","DATA_EXPIRED"
"67","698e1dde2e4db16f04514880","663a5d2dd34528e2a1de0e30","AWAITING REVIEW","Not Applicable","2026-02-12T18:37:21.124000Z","2026-02-12T19:00:12.576000Z","","2026-02-12T19:00:12.948803Z",1372,"CWLQFHAM",512,"31","Female","White","United States","United States","United States","English","No","Full-Time"
"68","698e1f3e98b594e2846ab8b6","667d81a95170bdd075f74203","AWAITING REVIEW","Not Applicable","2026-02-12T18:43:15.882000Z","2026-02-12T19:05:54.413000Z","","2026-02-12T19:05:54.739191Z",1359,"CWLQFHAM",3362,"49","Female","Black","United States","United States","United States","English","No","Full-Time"
"69","698e1facd30b8ec1d79ed741","583b397f54686200010f1d20","AWAITING REVIEW","Not Applicable","2026-02-12T18:45:04.496000Z","2026-02-12T19:04:41.769000Z","","2026-02-12T19:04:42.122175Z",1178,"CWLQFHAM",17929,"54","Female","Black","United States","United States","United States","English","No","Full-Time"
"70","698e1fb24ce3622dfbf29fa2","558b20eefdf99b7dfdbac3c9","AWAITING REVIEW","Not Applicable","2026-02-12T18:45:17.611000Z","2026-02-12T19:02:50.612000Z","","2026-02-12T19:02:50.985144Z",1054,"CWLQFHAM",3781,"65","Female","White","United States","United States","United States","English","No","Part-Time"
"71","698e203affe6848cd4add606","695be0b6d0888f46984fb1ca","AWAITING REVIEW","Not Applicable","2026-02-12T18:47:26.723000Z","2026-02-12T19:06:50.222000Z","","2026-02-12T19:06:50.594606Z",1164,"CWLQFHAM",95,"20","Male","Mixed","United States","United States","United States","English","No","Unemployed (and job seeking)"
"72","698e208f9f5ed3c36d180a48","67cf0c70aa43b13b6168ecbf","AWAITING REVIEW","Not Applicable","2026-02-12T18:49:12.253000Z","2026-02-12T19:22:13.939000Z","","2026-02-12T19:22:14.306333Z",1982,"CWLQFHAM",5018,"34","Female","White","United States","United States","United States","English","No","Part-Time"
"73","698e21908996525c2c6fb062","66ecc08c3776b48ca41138ac","AWAITING REVIEW","Not Applicable","2026-02-12T18:53:15.051000Z","2026-02-12T19:11:35.067000Z","","2026-02-12T19:11:36.001343Z",1101,"CWLQFHAM",3372,"47","Female","White","United States","United States","United States","DATA_EXPIRED","DATA_EXPIRED","DATA_EXPIRED"
"74","698e219c7dc83a0efd421399","67ad56e3094fe82ba3d60ad2","AWAITING REVIEW","Not Applicable","2026-02-12T18:53:19.602000Z","2026-02-12T19:11:46.290000Z","","2026-02-12T19:11:46.640379Z",1107,"CWLQFHAM",795,"49","Female","White","United States","United States","United States","English","No","Full-Time"
"75","698e21bd3ac87116fc3ba712","694553e6d56e27176c33daf0","AWAITING REVIEW","Not Applicable","2026-02-12T18:53:52.738000Z","2026-02-12T19:20:03.740000Z","","2026-02-12T19:20:04.100540Z",1572,"CWLQFHAM",312,"29","Female","Mixed","United States","United States","United States","English","No","Full-Time"
"76","698e233caf9e25d0a98ea01c","6637fddf5464c05b3db40434","AWAITING REVIEW","Not Applicable","2026-02-12T19:00:12.880000Z","2026-02-12T19:32:07.017000Z","","2026-02-12T19:32:07.398820Z",1915,"CWLQFHAM",2397,"43","Male","Black","United States","United States","United States","English","No","DATA_EXPIRED"
"77","698e23bcf9c3c2702380f163","63039610eb593962736bd104","AWAITING REVIEW","Not Applicable","2026-02-12T19:02:23.897000Z","2026-02-12T19:22:13.412000Z","","2026-02-12T19:22:13.768736Z",1190,"CWLQFHAM",831,"44","Female","Mixed","United States","United States","United States","English","No","Not in paid work (e.g. homemaker', 'retired or disabled)"
"78","698e254288ae88af1043648c","67a8ef6331f586a361a8ec33","AWAITING REVIEW","Not Applicable","2026-02-12T19:09:19.919000Z","2026-02-12T19:32:33.825000Z","","2026-02-12T19:32:34.147853Z",1394,"CWLQFHAM",5022,"60","Female","White","United States","United States","United States","English","Yes","Full-Time"
"79","698e263d533db53d969b4861","62c4dbae8fb1ff9cd93a3150","AWAITING REVIEW","Not Applicable","2026-02-12T19:13:04.779000Z","2026-02-12T19:30:39.279000Z","","2026-02-12T19:30:39.658332Z",1055,"CWLQFHAM",9822,"43","Male","White","United States","United States","United States","English","DATA_EXPIRED","Full-Time"
"80","698e273a72ebbd3bc4cda7f4","608437f0b139060610c9f0c1","AWAITING REVIEW","Not Applicable","2026-02-12T19:17:18.040000Z","2026-02-12T19:39:37.498000Z","","2026-02-12T19:39:37.854026Z",1340,"CWLQFHAM",9488,"83","Female","White","United States","United States","United States","English","No","DATA_EXPIRED"
"81","698e2999c7808d36a22fa2db","65c25e3de8b230c294f2b32c","AWAITING REVIEW","Not Applicable","2026-02-12T19:27:21.457000Z","2026-02-12T19:48:05.949000Z","","2026-02-12T19:48:06.336414Z",1245,"CWLQFHAM",4030,"53","Female","White","United States","United States","United States","English","No","Full-Time"
"82","698e2a379e68ab166ff04e37","5dceca2541afe801a32e27ac","AWAITING REVIEW","Not Applicable","2026-02-12T19:30:02.886000Z","2026-02-12T19:54:03.816000Z","","2026-02-12T19:54:04.192044Z",1441,"CWLQFHAM",10144,"81","Female","Black","United States","United States","United States","English","No","Not in paid work (e.g. homemaker', 'retired or disabled)"
"83","698e2a4ef374a4204213cd69","6712acd49ca5448a6e983e6c","AWAITING REVIEW","Not Applicable","2026-02-12T19:30:29.277000Z","2026-02-12T19:50:32.671000Z","","2026-02-12T19:50:33.027209Z",1204,"CWLQFHAM",3875,"50","Male","Black","United States","United States","United States","English","No","Full-Time"
"84","698e2a50c2c33e4bec4d3cc8","61219fd8387ca59d07e0dc1c","AWAITING REVIEW","Not Applicable","2026-02-12T19:30:30.036000Z","2026-02-12T19:54:23.667000Z","","2026-02-12T19:54:24.060847Z",1434,"CWLQFHAM",8658,"57","Female","White","United States","United States","United States","English","No","Full-Time"
"85","698e2a56ad5cff59ff3364ed","6784cd4c648d7fe55ab2ff24","AWAITING REVIEW","Not Applicable","2026-02-12T19:31:38.221000Z","2026-02-12T20:08:13.464000Z","","2026-02-12T20:08:13.827955Z",2196,"CWLQFHAM",1782,"64","Male","White","United States","United States","United States","English","No","Full-Time"
"86","698e2a64cc010d2cc333f9d7","671846c76953b192c9269992","AWAITING REVIEW","Not Applicable","2026-02-12T19:30:49.018000Z","2026-02-12T19:50:27.868000Z","","2026-02-12T19:50:28.206611Z",1179,"CWLQFHAM",3382,"36","Female","White","United States","United States","United States","English","No","Full-Time"
"87","698e2a6534a04e56aa3612b2","66ad3561c1e5c019916365fb","AWAITING REVIEW","Not Applicable","2026-02-12T19:37:09.473000Z","2026-02-12T20:06:32.645000Z","","2026-02-12T20:06:33.263252Z",1764,"CWLQFHAM",2329,"51","Male","Black","United States","United States","United States","English","Yes","Unemployed (and job seeking)"
"88","698e2a66390ebd546739f213","5d88db42c1d06e001a1fdcab","AWAITING REVIEW","Not Applicable","2026-02-12T19:30:58.838000Z","2026-02-12T19:48:32.375000Z","","2026-02-12T19:48:32.758316Z",1054,"CWLQFHAM",20158,"51","Female","White","United States","United States","United States","English","No","Full-Time"
"89","698e2a69533db53d969b48db","66c25b043e60bfc5a90e90fb","AWAITING REVIEW","Not Applicable","2026-02-12T19:30:53.687000Z","2026-02-12T19:50:12.895000Z","","2026-02-12T19:50:13.282689Z",1160,"CWLQFHAM",801,"28","Male","White","United States","United States","United States","English","No","Full-Time"
"90","698e2a6cc4b02aaeba97729c","665e680164927b18554b66ec","AWAITING REVIEW","Not Applicable","2026-02-12T19:32:12.401000Z","2026-02-12T19:54:17.044000Z","","2026-02-12T19:54:17.394200Z",1325,"CWLQFHAM",3284,"54","Male","White","United States","United States","United States","English","No","Full-Time"
"91","698e2a6e1ca7b18be2b61202","662c299e6db88649ff13ccae","AWAITING REVIEW","Not Applicable","2026-02-12T19:31:02.527000Z","2026-02-12T19:52:31.533000Z","","2026-02-12T19:52:31.908531Z",1290,"CWLQFHAM",7220,"57","Female","White","United States","United States","United States","English","No","Unemployed (and job seeking)"
"92","698e2ad6b26e06818f3faf76","5a50f10eeedc32000141fccd","AWAITING REVIEW","Not Applicable","2026-02-12T19:32:44.382000Z","2026-02-12T20:17:09.981000Z","","2026-02-12T20:17:10.525486Z",2666,"CWLQFHAM",4579,"55","Female","White","United States","United States","United States","English","No","DATA_EXPIRED"
"93","698e301e7aa008c2cdbd247d","6636db94fa3ed150c2d78447","AWAITING REVIEW","Not Applicable","2026-02-12T19:55:15.328000Z","2026-02-12T20:14:02.319000Z","","2026-02-12T20:14:02.724126Z",1127,"CWLQFHAM",5290,"27","Male","White","United States","United States","United States","English","DATA_EXPIRED","Part-Time"
"94","698e0ccf2fee8dd9a74a6072","62877d5f6a054e53313ac916","RETURNED","Not Applicable","2026-02-12T17:24:37.580000Z","","","",NA,"",14514,"CONSENT_REVOKED","CONSENT_REVOKED","CONSENT_REVOKED","CONSENT_REVOKED","CONSENT_REVOKED","CONSENT_REVOKED","CONSENT_REVOKED","CONSENT_REVOKED","CONSENT_REVOKED"
"95","698e0cd8395799b6cb0790a4","663a8b6eababda7c864ed2ce","RETURNED","Not Applicable","2026-02-12T17:24:43.718000Z","","","",NA,"",750,"CONSENT_REVOKED","CONSENT_REVOKED","CONSENT_REVOKED","CONSENT_REVOKED","CONSENT_REVOKED","CONSENT_REVOKED","CONSENT_REVOKED","CONSENT_REVOKED","CONSENT_REVOKED"
"96","698e0d0b91147eef4074da21","65612a45629022b7c905ef6c","RETURNED","Not Applicable","2026-02-12T17:26:16.326000Z","","","",NA,"",3329,"CONSENT_REVOKED","CONSENT_REVOKED","CONSENT_REVOKED","CONSENT_REVOKED","CONSENT_REVOKED","CONSENT_REVOKED","CONSENT_REVOKED","CONSENT_REVOKED","CONSENT_REVOKED"
"97","698e0d22f2a1d9caa36ab42b","671d714b78c1624a723ee251","RETURNED","Not Applicable","2026-02-12T17:25:58.909000Z","","","",NA,"",2392,"CONSENT_REVOKED","CONSENT_REVOKED","CONSENT_REVOKED","CONSENT_REVOKED","CONSENT_REVOKED","CONSENT_REVOKED","CONSENT_REVOKED","CONSENT_REVOKED","CONSENT_REVOKED"
"98","698e0d55665d1e60f739e67a","673cf0b78dcb815764f01d60","RETURNED","Not Applicable","2026-02-12T17:27:25.882000Z","","","",NA,"",349,"CONSENT_REVOKED","CONSENT_REVOKED","CONSENT_REVOKED","CONSENT_REVOKED","CONSENT_REVOKED","CONSENT_REVOKED","CONSENT_REVOKED","CONSENT_REVOKED","CONSENT_REVOKED"
"99","698e0dc22517eb6cf75d1b26","678af0a3161e3e871bbade54","RETURNED","Not Applicable","2026-02-12T17:28:58.283000Z","","","",NA,"",6515,"CONSENT_REVOKED","CONSENT_REVOKED","CONSENT_REVOKED","CONSENT_REVOKED","CONSENT_REVOKED","CONSENT_REVOKED","CONSENT_REVOKED","CONSENT_REVOKED","CONSENT_REVOKED"
"100","698e0ddc7e275e5f4f5769f1","607668ac450fc6e3025a131d","RETURNED","Not Applicable","2026-02-12T17:29:03.265000Z","","","",NA,"",7095,"CONSENT_REVOKED","CONSENT_REVOKED","CONSENT_REVOKED","CONSENT_REVOKED","CONSENT_REVOKED","CONSENT_REVOKED","CONSENT_REVOKED","CONSENT_REVOKED","CONSENT_REVOKED"
"101","698e0e20c10e3cea2b06b8a2","6266aa7132e3a5bf1631ac1b","RETURNED","Not Applicable","","","","",NA,"",5876,"CONSENT_REVOKED","CONSENT_REVOKED","CONSENT_REVOKED","CONSENT_REVOKED","CONSENT_REVOKED","CONSENT_REVOKED","CONSENT_REVOKED","CONSENT_REVOKED","CONSENT_REVOKED"
"102","698e0e51a3471b463cfd6614","652359572fd30ff57dfea7fb","RETURNED","Not Applicable","2026-02-12T17:33:26.436000Z","","","",NA,"",3041,"CONSENT_REVOKED","CONSENT_REVOKED","CONSENT_REVOKED","CONSENT_REVOKED","CONSENT_REVOKED","CONSENT_REVOKED","CONSENT_REVOKED","CONSENT_REVOKED","CONSENT_REVOKED"
"103","698e0e52ac43c90de380b0f9","5dd55652f30aa650f027e1c2","RETURNED","Not Applicable","2026-02-12T17:32:27.414000Z","","","",NA,"",11141,"CONSENT_REVOKED","CONSENT_REVOKED","CONSENT_REVOKED","CONSENT_REVOKED","CONSENT_REVOKED","CONSENT_REVOKED","CONSENT_REVOKED","CONSENT_REVOKED","CONSENT_REVOKED"
"104","698e0f41b179a997a1275bc2","5a09ebdf087f2e0001eae39f","RETURNED","Not Applicable","2026-02-12T17:35:00.445000Z","","","",NA,"",4670,"CONSENT_REVOKED","CONSENT_REVOKED","CONSENT_REVOKED","CONSENT_REVOKED","CONSENT_REVOKED","CONSENT_REVOKED","CONSENT_REVOKED","CONSENT_REVOKED","CONSENT_REVOKED"
"105","698e0f45ef8a202ff8c66154","67e9e4a4cddd6331b90f280c","RETURNED","Not Applicable","2026-02-12T17:35:24.861000Z","","","",NA,"",5365,"CONSENT_REVOKED","CONSENT_REVOKED","CONSENT_REVOKED","CONSENT_REVOKED","CONSENT_REVOKED","CONSENT_REVOKED","CONSENT_REVOKED","CONSENT_REVOKED","CONSENT_REVOKED"
"106","698e0f72784396d0bae2341d","695fd76cdc573c0c342fa134","RETURNED","Not Applicable","2026-02-12T17:35:50.144000Z","","","",NA,"",98,"CONSENT_REVOKED","CONSENT_REVOKED","CONSENT_REVOKED","CONSENT_REVOKED","CONSENT_REVOKED","CONSENT_REVOKED","CONSENT_REVOKED","CONSENT_REVOKED","CONSENT_REVOKED"
"107","698e10d7fe595dd6ac9e6603","675cb36b51ef22e70c4da7e2","TIMED-OUT","Not Applicable","2026-02-12T17:42:13.222000Z","","","",77045,"",3632,"57","Female","White","United States","United States","United States","English","DATA_EXPIRED","DATA_EXPIRED"
"108","698e115e031d19c85c8fdc4f","65e7795d1685521fd01bd49a","RETURNED","Not Applicable","2026-02-12T17:44:05.326000Z","","","",NA,"",3322,"CONSENT_REVOKED","CONSENT_REVOKED","CONSENT_REVOKED","CONSENT_REVOKED","CONSENT_REVOKED","CONSENT_REVOKED","CONSENT_REVOKED","CONSENT_REVOKED","CONSENT_REVOKED"
"109","698e11913761d296e0eef7dc","663a7dc83986ee24fb6ec0e6","RETURNED","Not Applicable","2026-02-12T17:44:53.656000Z","","","",NA,"",8909,"CONSENT_REVOKED","CONSENT_REVOKED","CONSENT_REVOKED","CONSENT_REVOKED","CONSENT_REVOKED","CONSENT_REVOKED","CONSENT_REVOKED","CONSENT_REVOKED","CONSENT_REVOKED"
"110","698e11b45c4d68494c82bd87","6276d97e209059496d37bf74","RETURNED","Not Applicable","2026-02-12T17:46:55.299000Z","","","",NA,"",8993,"CONSENT_REVOKED","CONSENT_REVOKED","CONSENT_REVOKED","CONSENT_REVOKED","CONSENT_REVOKED","CONSENT_REVOKED","CONSENT_REVOKED","CONSENT_REVOKED","CONSENT_REVOKED"
"111","698e11c18a79b5fa0363745c","67cc82d73c1dc6dab0da3147","RETURNED","Not Applicable","2026-02-12T17:45:37.239000Z","","","",NA,"",1746,"CONSENT_REVOKED","CONSENT_REVOKED","CONSENT_REVOKED","CONSENT_REVOKED","CONSENT_REVOKED","CONSENT_REVOKED","CONSENT_REVOKED","CONSENT_REVOKED","CONSENT_REVOKED"
"112","698e11fe8e24c42e56de9f3d","678a85c749e99bc3baed6452","RETURNED","Not Applicable","2026-02-12T17:46:38.044000Z","","","",NA,"",2194,"CONSENT_REVOKED","CONSENT_REVOKED","CONSENT_REVOKED","CONSENT_REVOKED","CONSENT_REVOKED","CONSENT_REVOKED","CONSENT_REVOKED","CONSENT_REVOKED","CONSENT_REVOKED"
"113","698e12021205b66aa81698c2","67d9625169884c7fdecaf0a6","RETURNED","Not Applicable","2026-02-12T17:46:42.697000Z","","","",NA,"",1148,"CONSENT_REVOKED","CONSENT_REVOKED","CONSENT_REVOKED","CONSENT_REVOKED","CONSENT_REVOKED","CONSENT_REVOKED","CONSENT_REVOKED","CONSENT_REVOKED","CONSENT_REVOKED"
"114","698e12a051c59ca2a2c8638d","650b03136ab3d4c832d98b71","RETURNED","Not Applicable","2026-02-12T17:49:20.329000Z","","","",NA,"",15545,"CONSENT_REVOKED","CONSENT_REVOKED","CONSENT_REVOKED","CONSENT_REVOKED","CONSENT_REVOKED","CONSENT_REVOKED","CONSENT_REVOKED","CONSENT_REVOKED","CONSENT_REVOKED"
"115","698e13063f15433f5e58bd50","5ee834d45f0f48129a79b683","RETURNED","Not Applicable","2026-02-12T17:56:40.432000Z","","","",NA,"",2028,"CONSENT_REVOKED","CONSENT_REVOKED","CONSENT_REVOKED","CONSENT_REVOKED","CONSENT_REVOKED","CONSENT_REVOKED","CONSENT_REVOKED","CONSENT_REVOKED","CONSENT_REVOKED"
"116","698e130eafa4ad20e17daa42","60c770aa2d2928bfda4c7cd4","RETURNED","Not Applicable","2026-02-12T17:51:17.776000Z","","","",NA,"",14481,"CONSENT_REVOKED","CONSENT_REVOKED","CONSENT_REVOKED","CONSENT_REVOKED","CONSENT_REVOKED","CONSENT_REVOKED","CONSENT_REVOKED","CONSENT_REVOKED","CONSENT_REVOKED"
"117","698e13839c963c7417db19a4","62b35a7d9d9cd966ebcf3ef8","RETURNED","Not Applicable","2026-02-12T17:53:15.874000Z","","","",NA,"",4756,"CONSENT_REVOKED","CONSENT_REVOKED","CONSENT_REVOKED","CONSENT_REVOKED","CONSENT_REVOKED","CONSENT_REVOKED","CONSENT_REVOKED","CONSENT_REVOKED","CONSENT_REVOKED"
"118","698e13ef822eee453b780646","5b5a822e1ad8270001c4f28d","RETURNED","Not Applicable","2026-02-12T17:54:57.977000Z","","","",NA,"",16965,"CONSENT_REVOKED","CONSENT_REVOKED","CONSENT_REVOKED","CONSENT_REVOKED","CONSENT_REVOKED","CONSENT_REVOKED","CONSENT_REVOKED","CONSENT_REVOKED","CONSENT_REVOKED"
"119","698e140cf4ff556195466f96","62b9c2f1e55fe9f17dfedc5d","RETURNED","Not Applicable","2026-02-12T17:55:32.464000Z","","","",NA,"",11435,"CONSENT_REVOKED","CONSENT_REVOKED","CONSENT_REVOKED","CONSENT_REVOKED","CONSENT_REVOKED","CONSENT_REVOKED","CONSENT_REVOKED","CONSENT_REVOKED","CONSENT_REVOKED"
"120","698e1956ca9a6275a76b0899","67ea8e9f51f8c1e6ffbb8f3b","RETURNED","Not Applicable","2026-02-12T18:18:45.163000Z","","","",NA,"",2964,"CONSENT_REVOKED","CONSENT_REVOKED","CONSENT_REVOKED","CONSENT_REVOKED","CONSENT_REVOKED","CONSENT_REVOKED","CONSENT_REVOKED","CONSENT_REVOKED","CONSENT_REVOKED"
"121","698e19aa474a3a2f9ff3fcef","67c70ef486c8488303c97ed5","RETURNED","Not Applicable","2026-02-12T18:19:33.431000Z","","","",NA,"",3445,"CONSENT_REVOKED","CONSENT_REVOKED","CONSENT_REVOKED","CONSENT_REVOKED","CONSENT_REVOKED","CONSENT_REVOKED","CONSENT_REVOKED","CONSENT_REVOKED","CONSENT_REVOKED"
"122","698e1a50ddae662d5bbc0549","6791752090260ac20edb1437","RETURNED","Not Applicable","2026-02-12T18:22:30.589000Z","","","",NA,"",995,"CONSENT_REVOKED","CONSENT_REVOKED","CONSENT_REVOKED","CONSENT_REVOKED","CONSENT_REVOKED","CONSENT_REVOKED","CONSENT_REVOKED","CONSENT_REVOKED","CONSENT_REVOKED"
"123","698e1aa56baef46052a3d4f5","677afb901c6dd9780bdcca85","RETURNED","Not Applicable","2026-02-12T18:23:39.999000Z","","","",NA,"",2231,"CONSENT_REVOKED","CONSENT_REVOKED","CONSENT_REVOKED","CONSENT_REVOKED","CONSENT_REVOKED","CONSENT_REVOKED","CONSENT_REVOKED","CONSENT_REVOKED","CONSENT_REVOKED"
"124","698e1cb172c4f63d58d2d97b","616d94407f0e63a61e856056","RETURNED","Not Applicable","2026-02-12T18:33:56.952000Z","","","",NA,"",3195,"CONSENT_REVOKED","CONSENT_REVOKED","CONSENT_REVOKED","CONSENT_REVOKED","CONSENT_REVOKED","CONSENT_REVOKED","CONSENT_REVOKED","CONSENT_REVOKED","CONSENT_REVOKED"
"125","698e1f49e1a8af13b0207e44","69419c81ee92288e4d87076d","RETURNED","Not Applicable","2026-02-12T18:45:40.373000Z","","","",NA,"",759,"CONSENT_REVOKED","CONSENT_REVOKED","CONSENT_REVOKED","CONSENT_REVOKED","CONSENT_REVOKED","CONSENT_REVOKED","CONSENT_REVOKED","CONSENT_REVOKED","CONSENT_REVOKED"
"126","698e1f57d0339f08d537ee2f","661db80aebfb3f4250cf72e5","RETURNED","Not Applicable","2026-02-12T18:43:43.979000Z","","","",NA,"",1569,"CONSENT_REVOKED","CONSENT_REVOKED","CONSENT_REVOKED","CONSENT_REVOKED","CONSENT_REVOKED","CONSENT_REVOKED","CONSENT_REVOKED","CONSENT_REVOKED","CONSENT_REVOKED"
"127","698e1fb7027b54ad1464173d","6712fc1608041fe311ca2221","RETURNED","Not Applicable","2026-02-12T18:45:11.402000Z","","","",NA,"",1136,"CONSENT_REVOKED","CONSENT_REVOKED","CONSENT_REVOKED","CONSENT_REVOKED","CONSENT_REVOKED","CONSENT_REVOKED","CONSENT_REVOKED","CONSENT_REVOKED","CONSENT_REVOKED"
"128","698e1fedb8e701366f484872","6443ebb84fc33e703937a6f9","RETURNED","Not Applicable","2026-02-12T18:46:05.714000Z","","","",NA,"",2788,"CONSENT_REVOKED","CONSENT_REVOKED","CONSENT_REVOKED","CONSENT_REVOKED","CONSENT_REVOKED","CONSENT_REVOKED","CONSENT_REVOKED","CONSENT_REVOKED","CONSENT_REVOKED"
"129","698e22241bde0bb3edbdb356","65172c25c4118007d8a75184","RETURNED","Not Applicable","2026-02-12T18:55:32.507000Z","","","",NA,"",2191,"CONSENT_REVOKED","CONSENT_REVOKED","CONSENT_REVOKED","CONSENT_REVOKED","CONSENT_REVOKED","CONSENT_REVOKED","CONSENT_REVOKED","CONSENT_REVOKED","CONSENT_REVOKED"
"130","698e23213cd31fbb2c4abbab","67e0658ecffaf739c0e39dc6","RETURNED","Not Applicable","2026-02-12T18:59:45.157000Z","","","",NA,"",1531,"CONSENT_REVOKED","CONSENT_REVOKED","CONSENT_REVOKED","CONSENT_REVOKED","CONSENT_REVOKED","CONSENT_REVOKED","CONSENT_REVOKED","CONSENT_REVOKED","CONSENT_REVOKED"
"131","698e23af636a3de7bfcca8b9","67bc755b022467c613763798","RETURNED","Not Applicable","2026-02-12T19:02:07.793000Z","","","",NA,"",1623,"CONSENT_REVOKED","CONSENT_REVOKED","CONSENT_REVOKED","CONSENT_REVOKED","CONSENT_REVOKED","CONSENT_REVOKED","CONSENT_REVOKED","CONSENT_REVOKED","CONSENT_REVOKED"
"132","698e2637f374a4204213ccfa","6983549b2eeaffbc45367e23","RETURNED","Not Applicable","2026-02-12T19:15:25.311000Z","","","",NA,"",138,"CONSENT_REVOKED","CONSENT_REVOKED","CONSENT_REVOKED","CONSENT_REVOKED","CONSENT_REVOKED","CONSENT_REVOKED","CONSENT_REVOKED","CONSENT_REVOKED","CONSENT_REVOKED"
"133","698e27373800769305eb1f29","5c1021a547d07800011a23de","RETURNED","Not Applicable","2026-02-12T19:17:16.224000Z","","","",NA,"",9260,"CONSENT_REVOKED","CONSENT_REVOKED","CONSENT_REVOKED","CONSENT_REVOKED","CONSENT_REVOKED","CONSENT_REVOKED","CONSENT_REVOKED","CONSENT_REVOKED","CONSENT_REVOKED"
"134","698e2a4e9e68ab166ff04e3a","66d74ebc062f3866de52956d","RETURNED","Not Applicable","","","","",NA,"",1375,"CONSENT_REVOKED","CONSENT_REVOKED","CONSENT_REVOKED","CONSENT_REVOKED","CONSENT_REVOKED","CONSENT_REVOKED","CONSENT_REVOKED","CONSENT_REVOKED","CONSENT_REVOKED"
"135","698e2a59ae9a614641258cd0","67382e41c232d1004b052fc4","RETURNED","Not Applicable","2026-02-12T19:30:36.537000Z","","","",NA,"",2437,"CONSENT_REVOKED","CONSENT_REVOKED","CONSENT_REVOKED","CONSENT_REVOKED","CONSENT_REVOKED","CONSENT_REVOKED","CONSENT_REVOKED","CONSENT_REVOKED","CONSENT_REVOKED"
"136","698e2a6167cea2dfde5b3291","67204af156acf704058c6e66","RETURNED","Not Applicable","2026-02-12T19:30:51.169000Z","","","",NA,"",455,"CONSENT_REVOKED","CONSENT_REVOKED","CONSENT_REVOKED","CONSENT_REVOKED","CONSENT_REVOKED","CONSENT_REVOKED","CONSENT_REVOKED","CONSENT_REVOKED","CONSENT_REVOKED"
"137","698e2a636f58afdc0c4e863e","65425d62c0d773804c35c5e8","REJECTED","Not Applicable","2026-02-12T19:30:56.055000Z","2026-02-12T20:02:44.847000Z","2026-02-12T23:18:24.993000Z","2026-02-12T20:02:45.214000Z",1909,"NOCODE",2083,"CONSENT_REVOKED","CONSENT_REVOKED","CONSENT_REVOKED","CONSENT_REVOKED","CONSENT_REVOKED","CONSENT_REVOKED","CONSENT_REVOKED","CONSENT_REVOKED","CONSENT_REVOKED"
"138","698e2c6f8ed5d3a410ef6e26","682cd328bd53185cbbb59840","RETURNED","Not Applicable","2026-02-12T19:42:31.555000Z","","","",NA,"",5523,"CONSENT_REVOKED","CONSENT_REVOKED","CONSENT_REVOKED","CONSENT_REVOKED","CONSENT_REVOKED","CONSENT_REVOKED","CONSENT_REVOKED","CONSENT_REVOKED","CONSENT_REVOKED"
"139","698e60ac54bb0264811d04e1","675e4fba8296e430d8df89ea","RETURNED","Not Applicable","2026-02-12T23:22:30.013000Z","","","",NA,"",180,"CONSENT_REVOKED","CONSENT_REVOKED","CONSENT_REVOKED","CONSENT_REVOKED","CONSENT_REVOKED","CONSENT_REVOKED","CONSENT_REVOKED","CONSENT_REVOKED","CONSENT_REVOKED"
"140","698e60cb9a6aed73882dc514","65e00891e4c0c8cad9c1583a","RETURNED","Not Applicable","2026-02-12T23:23:04.241000Z","","","",NA,"",4307,"CONSENT_REVOKED","CONSENT_REVOKED","CONSENT_REVOKED","CONSENT_REVOKED","CONSENT_REVOKED","CONSENT_REVOKED","CONSENT_REVOKED","CONSENT_REVOKED","CONSENT_REVOKED"
"141","698e60f052c20935bce14936","676213c42b2ea1a4506bdf1c","RETURNED","Not Applicable","2026-02-12T23:23:37.599000Z","","","",NA,"",1494,"CONSENT_REVOKED","CONSENT_REVOKED","CONSENT_REVOKED","CONSENT_REVOKED","CONSENT_REVOKED","CONSENT_REVOKED","CONSENT_REVOKED","CONSENT_REVOKED","CONSENT_REVOKED"
"142","698e612bcf67069b61c9f3e1","6781935f0fbff63cc8eb3595","RETURNED","Not Applicable","2026-02-12T23:24:32.834000Z","","","",NA,"",3721,"CONSENT_REVOKED","CONSENT_REVOKED","CONSENT_REVOKED","CONSENT_REVOKED","CONSENT_REVOKED","CONSENT_REVOKED","CONSENT_REVOKED","CONSENT_REVOKED","CONSENT_REVOKED"
"143","698e6156be2aa159c612cabf","5beb92fbe0a3940001543d8c","RETURNED","Not Applicable","2026-02-12T23:25:36.692000Z","","","",NA,"",5273,"CONSENT_REVOKED","CONSENT_REVOKED","CONSENT_REVOKED","CONSENT_REVOKED","CONSENT_REVOKED","CONSENT_REVOKED","CONSENT_REVOKED","CONSENT_REVOKED","CONSENT_REVOKED"
"144","698e6192c1905ab6b83a7f47","66e89b61d7709ff7f27a76be","RETURNED","Not Applicable","2026-02-12T23:26:15.395000Z","","","",NA,"",2095,"CONSENT_REVOKED","CONSENT_REVOKED","CONSENT_REVOKED","CONSENT_REVOKED","CONSENT_REVOKED","CONSENT_REVOKED","CONSENT_REVOKED","CONSENT_REVOKED","CONSENT_REVOKED"
"145","698e61b79989ef0782e93ac9","612cd21ab53f52338b7b4f19","RETURNED","Not Applicable","2026-02-12T23:26:52.548000Z","","","",NA,"",5511,"CONSENT_REVOKED","CONSENT_REVOKED","CONSENT_REVOKED","CONSENT_REVOKED","CONSENT_REVOKED","CONSENT_REVOKED","CONSENT_REVOKED","CONSENT_REVOKED","CONSENT_REVOKED"
"146","698e61e2a6db5b1b6a19f039","67301111865cf8fa81ac7897","RETURNED","Not Applicable","2026-02-12T23:28:04.116000Z","","","",NA,"",4666,"CONSENT_REVOKED","CONSENT_REVOKED","CONSENT_REVOKED","CONSENT_REVOKED","CONSENT_REVOKED","CONSENT_REVOKED","CONSENT_REVOKED","CONSENT_REVOKED","CONSENT_REVOKED"
"147","698e626b2c17b0350419f649","67e04fb6a0a0f7c68d0cb905","RETURNED","Not Applicable","2026-02-12T23:29:53.200000Z","","","",NA,"",1204,"CONSENT_REVOKED","CONSENT_REVOKED","CONSENT_REVOKED","CONSENT_REVOKED","CONSENT_REVOKED","CONSENT_REVOKED","CONSENT_REVOKED","CONSENT_REVOKED","CONSENT_REVOKED"
"148","698e62ca2c17b0350419f65e","6797d5ada6654ec99f741b08","RETURNED","Not Applicable","2026-02-12T23:31:27.793000Z","","","",NA,"",4205,"CONSENT_REVOKED","CONSENT_REVOKED","CONSENT_REVOKED","CONSENT_REVOKED","CONSENT_REVOKED","CONSENT_REVOKED","CONSENT_REVOKED","CONSENT_REVOKED","CONSENT_REVOKED"
"149","698e62ecfa7b2d016f4a3b40","5e976f67be609822f1146463","RETURNED","Not Applicable","2026-02-12T23:32:02.145000Z","","","",NA,"",8429,"CONSENT_REVOKED","CONSENT_REVOKED","CONSENT_REVOKED","CONSENT_REVOKED","CONSENT_REVOKED","CONSENT_REVOKED","CONSENT_REVOKED","CONSENT_REVOKED","CONSENT_REVOKED"
"150","698e630b6a54f6985dcd790e","67e188720841b364cd463eaa","RETURNED","Not Applicable","2026-02-12T23:32:39.152000Z","","","",NA,"",4270,"CONSENT_REVOKED","CONSENT_REVOKED","CONSENT_REVOKED","CONSENT_REVOKED","CONSENT_REVOKED","CONSENT_REVOKED","CONSENT_REVOKED","CONSENT_REVOKED","CONSENT_REVOKED"
"151","698e633775a05ff0b0b58562","69612c8d7d50cf2f11a27025","RETURNED","Not Applicable","2026-02-12T23:33:15.706000Z","","","",NA,"",268,"CONSENT_REVOKED","CONSENT_REVOKED","CONSENT_REVOKED","CONSENT_REVOKED","CONSENT_REVOKED","CONSENT_REVOKED","CONSENT_REVOKED","CONSENT_REVOKED","CONSENT_REVOKED"
"152","698e634c490ea5a44a29c8d0","697df9aa934d8b9de8f2afe9","RETURNED","Not Applicable","2026-02-12T23:33:38.329000Z","","","",NA,"",198,"CONSENT_REVOKED","CONSENT_REVOKED","CONSENT_REVOKED","CONSENT_REVOKED","CONSENT_REVOKED","CONSENT_REVOKED","CONSENT_REVOKED","CONSENT_REVOKED","CONSENT_REVOKED"
"153","698e637fa19d306a70744a8e","6987e4e84c30cc8f8cdeaacc","RETURNED","Not Applicable","2026-02-12T23:34:32.521000Z","","","",NA,"",43,"CONSENT_REVOKED","CONSENT_REVOKED","CONSENT_REVOKED","CONSENT_REVOKED","CONSENT_REVOKED","CONSENT_REVOKED","CONSENT_REVOKED","CONSENT_REVOKED","CONSENT_REVOKED"
"154","698e65b5b0f55ae126682950","5b7aefd06c1ccb000178b710","RETURNED","Not Applicable","2026-02-12T23:46:35.610000Z","","","",NA,"",3686,"CONSENT_REVOKED","CONSENT_REVOKED","CONSENT_REVOKED","CONSENT_REVOKED","CONSENT_REVOKED","CONSENT_REVOKED","CONSENT_REVOKED","CONSENT_REVOKED","CONSENT_REVOKED"
"155","698e668bf58a34e97852e847","607a7b7d300ce256f51706bd","RETURNED","Not Applicable","2026-02-12T23:47:29.694000Z","","","",NA,"",8307,"CONSENT_REVOKED","CONSENT_REVOKED","CONSENT_REVOKED","CONSENT_REVOKED","CONSENT_REVOKED","CONSENT_REVOKED","CONSENT_REVOKED","CONSENT_REVOKED","CONSENT_REVOKED"
"156","698e66ac6670a83fc58e9fbc","672268205351c30413c9837e","RETURNED","Not Applicable","2026-02-12T23:48:00.231000Z","","","",NA,"",6552,"CONSENT_REVOKED","CONSENT_REVOKED","CONSENT_REVOKED","CONSENT_REVOKED","CONSENT_REVOKED","CONSENT_REVOKED","CONSENT_REVOKED","CONSENT_REVOKED","CONSENT_REVOKED"
"157","698e66bede0c6eded42ff9df","68483d40185598902b719f20","RETURNED","Not Applicable","2026-02-12T23:48:39.843000Z","","","",NA,"",2928,"CONSENT_REVOKED","CONSENT_REVOKED","CONSENT_REVOKED","CONSENT_REVOKED","CONSENT_REVOKED","CONSENT_REVOKED","CONSENT_REVOKED","CONSENT_REVOKED","CONSENT_REVOKED"
"158","698e670058b6b2672580f0d2","698bdc7c973395d9119ce9fb","RETURNED","Not Applicable","2026-02-12T23:49:24.851000Z","","","",NA,"",6,"CONSENT_REVOKED","CONSENT_REVOKED","CONSENT_REVOKED","CONSENT_REVOKED","CONSENT_REVOKED","CONSENT_REVOKED","CONSENT_REVOKED","CONSENT_REVOKED","CONSENT_REVOKED"
"159","698e671f6b29671e300df2ba","60a2a8570a0f9cc00d6b9d1a","RETURNED","Not Applicable","2026-02-12T23:49:56.281000Z","","","",NA,"",7779,"CONSENT_REVOKED","CONSENT_REVOKED","CONSENT_REVOKED","CONSENT_REVOKED","CONSENT_REVOKED","CONSENT_REVOKED","CONSENT_REVOKED","CONSENT_REVOKED","CONSENT_REVOKED"
"160","698e67439a6aed73882dc595","5d29d6bd30fa6f0015cd4a75","RETURNED","Not Applicable","2026-02-12T23:50:30.735000Z","","","",NA,"",5345,"CONSENT_REVOKED","CONSENT_REVOKED","CONSENT_REVOKED","CONSENT_REVOKED","CONSENT_REVOKED","CONSENT_REVOKED","CONSENT_REVOKED","CONSENT_REVOKED","CONSENT_REVOKED"
"161","698e675bb4e185b6a36fb02f","698bdaeb942b5632c09b6cab","RETURNED","Not Applicable","2026-02-12T23:51:00.441000Z","","","",NA,"",22,"CONSENT_REVOKED","CONSENT_REVOKED","CONSENT_REVOKED","CONSENT_REVOKED","CONSENT_REVOKED","CONSENT_REVOKED","CONSENT_REVOKED","CONSENT_REVOKED","CONSENT_REVOKED"
"162","698e6794627d1e8ddba55c89","664bc61062c2afbacbb5f2f8","RETURNED","Not Applicable","2026-02-12T23:51:50.451000Z","","","",NA,"",507,"CONSENT_REVOKED","CONSENT_REVOKED","CONSENT_REVOKED","CONSENT_REVOKED","CONSENT_REVOKED","CONSENT_REVOKED","CONSENT_REVOKED","CONSENT_REVOKED","CONSENT_REVOKED"
"163","698e67ba1feddd1c3a63a949","6980f355930f4350c6221eee","RETURNED","Not Applicable","2026-02-12T23:54:05.631000Z","","","",NA,"",98,"CONSENT_REVOKED","CONSENT_REVOKED","CONSENT_REVOKED","CONSENT_REVOKED","CONSENT_REVOKED","CONSENT_REVOKED","CONSENT_REVOKED","CONSENT_REVOKED","CONSENT_REVOKED"
"164","698e6836609fbd810e9e6664","5884593bd920ed0001fdccb4","RETURNED","Not Applicable","2026-02-12T23:54:33.238000Z","","","",NA,"",9425,"CONSENT_REVOKED","CONSENT_REVOKED","CONSENT_REVOKED","CONSENT_REVOKED","CONSENT_REVOKED","CONSENT_REVOKED","CONSENT_REVOKED","CONSENT_REVOKED","CONSENT_REVOKED"
"165","698e68893dae50587d2525a5","695fd17b596e40c922435839","RETURNED","Not Applicable","2026-02-12T23:57:13.829000Z","","","",NA,"",94,"CONSENT_REVOKED","CONSENT_REVOKED","CONSENT_REVOKED","CONSENT_REVOKED","CONSENT_REVOKED","CONSENT_REVOKED","CONSENT_REVOKED","CONSENT_REVOKED","CONSENT_REVOKED"
"166","698e68f66e0e2c084c7dcfd6","651b29ff3a6cadf518640abe","RETURNED","Not Applicable","2026-02-13T00:05:40.113000Z","","","",NA,"",5661,"CONSENT_REVOKED","CONSENT_REVOKED","CONSENT_REVOKED","CONSENT_REVOKED","CONSENT_REVOKED","CONSENT_REVOKED","CONSENT_REVOKED","CONSENT_REVOKED","CONSENT_REVOKED"
"167","698e6b11951ffecb2fc9464e","5753046ba6deb50006d64b0f","RETURNED","Not Applicable","2026-02-13T00:06:47.236000Z","","","",NA,"",6082,"CONSENT_REVOKED","CONSENT_REVOKED","CONSENT_REVOKED","CONSENT_REVOKED","CONSENT_REVOKED","CONSENT_REVOKED","CONSENT_REVOKED","CONSENT_REVOKED","CONSENT_REVOKED"
"168","698e6b4daf34ea08186ab906","672742927f90a1378a160247","RETURNED","Not Applicable","2026-02-13T00:07:44.102000Z","","","",NA,"",412,"CONSENT_REVOKED","CONSENT_REVOKED","CONSENT_REVOKED","CONSENT_REVOKED","CONSENT_REVOKED","CONSENT_REVOKED","CONSENT_REVOKED","CONSENT_REVOKED","CONSENT_REVOKED"
"169","698e6b5d7d60ba796d4953ec","6980fce06da959cf0188defe","RETURNED","Not Applicable","2026-02-13T00:08:01.690000Z","","","",NA,"",43,"CONSENT_REVOKED","CONSENT_REVOKED","CONSENT_REVOKED","CONSENT_REVOKED","CONSENT_REVOKED","CONSENT_REVOKED","CONSENT_REVOKED","CONSENT_REVOKED","CONSENT_REVOKED"
"170","698e6b7035749150dcd5b453","5f0d2ad60ad0d6730c380b05","RETURNED","Not Applicable","2026-02-13T00:16:29.240000Z","","","",NA,"",5946,"CONSENT_REVOKED","CONSENT_REVOKED","CONSENT_REVOKED","CONSENT_REVOKED","CONSENT_REVOKED","CONSENT_REVOKED","CONSENT_REVOKED","CONSENT_REVOKED","CONSENT_REVOKED"
"171","698e6fc0d3a3953b260c77f9","6496f9fbc2928ee6956ef623","RETURNED","Not Applicable","2026-02-13T00:26:42.813000Z","","","",NA,"",4445,"CONSENT_REVOKED","CONSENT_REVOKED","CONSENT_REVOKED","CONSENT_REVOKED","CONSENT_REVOKED","CONSENT_REVOKED","CONSENT_REVOKED","CONSENT_REVOKED","CONSENT_REVOKED"
"172","698e70e0b827aea662a8452a","66c4f3cb14cbfc4db836bd4e","RETURNED","Not Applicable","2026-02-13T00:31:32.341000Z","","","",NA,"",4644,"CONSENT_REVOKED","CONSENT_REVOKED","CONSENT_REVOKED","CONSENT_REVOKED","CONSENT_REVOKED","CONSENT_REVOKED","CONSENT_REVOKED","CONSENT_REVOKED","CONSENT_REVOKED"
"173","698e72712edbe691fea3d8d8","63d42902a85ae3e7b4920266","RETURNED","Not Applicable","2026-02-13T00:38:11.263000Z","","","",NA,"",8160,"CONSENT_REVOKED","CONSENT_REVOKED","CONSENT_REVOKED","CONSENT_REVOKED","CONSENT_REVOKED","CONSENT_REVOKED","CONSENT_REVOKED","CONSENT_REVOKED","CONSENT_REVOKED"
"174","698e7360164c36df07fd5ae6","65e74f3dd1cf1c6869f7af37","RETURNED","Not Applicable","2026-02-13T00:43:14.666000Z","","","",NA,"",6934,"CONSENT_REVOKED","CONSENT_REVOKED","CONSENT_REVOKED","CONSENT_REVOKED","CONSENT_REVOKED","CONSENT_REVOKED","CONSENT_REVOKED","CONSENT_REVOKED","CONSENT_REVOKED"
"175","698e73c148fbca34a6b996e5","58a1fe40ea3d11000170d9b9","RETURNED","Not Applicable","2026-02-13T00:43:49.720000Z","","","",NA,"",10612,"CONSENT_REVOKED","CONSENT_REVOKED","CONSENT_REVOKED","CONSENT_REVOKED","CONSENT_REVOKED","CONSENT_REVOKED","CONSENT_REVOKED","CONSENT_REVOKED","CONSENT_REVOKED"
"176","698e73d85d264515586c2b20","69862c9b63845b0f047e8779","RETURNED","Not Applicable","2026-02-13T00:44:24.926000Z","","","",NA,"",54,"CONSENT_REVOKED","CONSENT_REVOKED","CONSENT_REVOKED","CONSENT_REVOKED","CONSENT_REVOKED","CONSENT_REVOKED","CONSENT_REVOKED","CONSENT_REVOKED","CONSENT_REVOKED"
"177","698e740c17fda2bada8ef758","698c4b4ac4a0b5c85615c85f","RETURNED","Not Applicable","2026-02-13T00:46:00.953000Z","","","",NA,"",25,"CONSENT_REVOKED","CONSENT_REVOKED","CONSENT_REVOKED","CONSENT_REVOKED","CONSENT_REVOKED","CONSENT_REVOKED","CONSENT_REVOKED","CONSENT_REVOKED","CONSENT_REVOKED"
"178","698e7466a1ef789fecc94615","67bd6c87f503d16fdf672aad","RETURNED","Not Applicable","2026-02-13T00:46:38.371000Z","","","",NA,"",4381,"CONSENT_REVOKED","CONSENT_REVOKED","CONSENT_REVOKED","CONSENT_REVOKED","CONSENT_REVOKED","CONSENT_REVOKED","CONSENT_REVOKED","CONSENT_REVOKED","CONSENT_REVOKED"
"179","698e7487d4274f35d52bb040","5f1c2ebf1d8b7c48ad3ec3db","RETURNED","Not Applicable","2026-02-13T00:47:12.686000Z","","","",NA,"",4872,"CONSENT_REVOKED","CONSENT_REVOKED","CONSENT_REVOKED","CONSENT_REVOKED","CONSENT_REVOKED","CONSENT_REVOKED","CONSENT_REVOKED","CONSENT_REVOKED","CONSENT_REVOKED"
"180","698e74b27f92fae334133777","67ddd4f85ab870ffd90cc888","RETURNED","Not Applicable","2026-02-13T00:47:56.073000Z","","","",NA,"",1868,"CONSENT_REVOKED","CONSENT_REVOKED","CONSENT_REVOKED","CONSENT_REVOKED","CONSENT_REVOKED","CONSENT_REVOKED","CONSENT_REVOKED","CONSENT_REVOKED","CONSENT_REVOKED"
"181","698e74da16110d50a781b143","6983ac5265ea18163cd9befe","RETURNED","Not Applicable","2026-02-13T00:48:44.474000Z","","","",NA,"",290,"CONSENT_REVOKED","CONSENT_REVOKED","CONSENT_REVOKED","CONSENT_REVOKED","CONSENT_REVOKED","CONSENT_REVOKED","CONSENT_REVOKED","CONSENT_REVOKED","CONSENT_REVOKED"
"182","698e75086dbd835131c5e3e4","698a4a0f051c5d710bc79c68","RETURNED","Not Applicable","2026-02-13T00:49:30.416000Z","","","",NA,"",36,"CONSENT_REVOKED","CONSENT_REVOKED","CONSENT_REVOKED","CONSENT_REVOKED","CONSENT_REVOKED","CONSENT_REVOKED","CONSENT_REVOKED","CONSENT_REVOKED","CONSENT_REVOKED"
"183","698e753dbd9171445a14ccf7","669fd5f3aab7d519a2b9093f","TIMED-OUT","Not Applicable","2026-02-13T00:50:21.637000Z","","","",51358,"",26,"34","Male","Black","United States","United States","United States","English","Yes","Full-Time"
"184","698e85129c22e8855fc9f3da","694170a12e9a4a93384d6962","RETURNED","Not Applicable","","","","",NA,"",494,"CONSENT_REVOKED","CONSENT_REVOKED","CONSENT_REVOKED","CONSENT_REVOKED","CONSENT_REVOKED","CONSENT_REVOKED","CONSENT_REVOKED","CONSENT_REVOKED","CONSENT_REVOKED"
"185","698e860b297a099c1156fb95","65c18c789a79785086046517","RETURNED","Not Applicable","2026-02-13T02:01:52.296000Z","","","",NA,"",4118,"CONSENT_REVOKED","CONSENT_REVOKED","CONSENT_REVOKED","CONSENT_REVOKED","CONSENT_REVOKED","CONSENT_REVOKED","CONSENT_REVOKED","CONSENT_REVOKED","CONSENT_REVOKED"
"186","698e8623ecd75ac6d1fd079a","61647de75314468d5cb57f93","RETURNED","Not Applicable","2026-02-13T02:02:21.566000Z","","","",NA,"",4697,"CONSENT_REVOKED","CONSENT_REVOKED","CONSENT_REVOKED","CONSENT_REVOKED","CONSENT_REVOKED","CONSENT_REVOKED","CONSENT_REVOKED","CONSENT_REVOKED","CONSENT_REVOKED"
"187","698e864f0f3249ed50c51278","667ceb76acbd1b234858c396","RETURNED","Not Applicable","2026-02-13T02:03:26.241000Z","","","",NA,"",2522,"CONSENT_REVOKED","CONSENT_REVOKED","CONSENT_REVOKED","CONSENT_REVOKED","CONSENT_REVOKED","CONSENT_REVOKED","CONSENT_REVOKED","CONSENT_REVOKED","CONSENT_REVOKED"
"188","698e8686e421c1d0dc38a2c3","6978bda2039ef7c2454998b0","RETURNED","Not Applicable","2026-02-13T02:05:28.931000Z","","","",NA,"",505,"CONSENT_REVOKED","CONSENT_REVOKED","CONSENT_REVOKED","CONSENT_REVOKED","CONSENT_REVOKED","CONSENT_REVOKED","CONSENT_REVOKED","CONSENT_REVOKED","CONSENT_REVOKED"
"189","698e8740a7b4f769b3f29f76","5dd4767b32288646716dc98a","RETURNED","Not Applicable","2026-02-13T02:07:01.803000Z","","","",NA,"",11007,"CONSENT_REVOKED","CONSENT_REVOKED","CONSENT_REVOKED","CONSENT_REVOKED","CONSENT_REVOKED","CONSENT_REVOKED","CONSENT_REVOKED","CONSENT_REVOKED","CONSENT_REVOKED"
"190","698e8763c0a51eb859e57b75","5c747b0f181ad300113363ed","RETURNED","Not Applicable","2026-02-13T02:08:36.811000Z","","","",NA,"",11703,"CONSENT_REVOKED","CONSENT_REVOKED","CONSENT_REVOKED","CONSENT_REVOKED","CONSENT_REVOKED","CONSENT_REVOKED","CONSENT_REVOKED","CONSENT_REVOKED","CONSENT_REVOKED"
"191","698e87d9ef48c346e9b996bb","664e835c732628231a08fff5","RETURNED","Not Applicable","2026-02-13T02:09:34.998000Z","","","",NA,"",1693,"CONSENT_REVOKED","CONSENT_REVOKED","CONSENT_REVOKED","CONSENT_REVOKED","CONSENT_REVOKED","CONSENT_REVOKED","CONSENT_REVOKED","CONSENT_REVOKED","CONSENT_REVOKED"
"192","698e880987535f0df356833d","670f06ac031981b54b82d493","RETURNED","Not Applicable","2026-02-13T02:10:24.736000Z","","","",NA,"",1850,"CONSENT_REVOKED","CONSENT_REVOKED","CONSENT_REVOKED","CONSENT_REVOKED","CONSENT_REVOKED","CONSENT_REVOKED","CONSENT_REVOKED","CONSENT_REVOKED","CONSENT_REVOKED"
"193","698e8825a7b4f769b3f29fb5","67911b9be5af0ac0763a28c7","RETURNED","Not Applicable","2026-02-13T02:10:49.719000Z","","","",NA,"",3818,"CONSENT_REVOKED","CONSENT_REVOKED","CONSENT_REVOKED","CONSENT_REVOKED","CONSENT_REVOKED","CONSENT_REVOKED","CONSENT_REVOKED","CONSENT_REVOKED","CONSENT_REVOKED"
"194","698e8853df06e911de3bf370","677a0ae1e86dac7beaa53f4d","RETURNED","Not Applicable","2026-02-13T02:11:37.032000Z","","","",NA,"",1182,"CONSENT_REVOKED","CONSENT_REVOKED","CONSENT_REVOKED","CONSENT_REVOKED","CONSENT_REVOKED","CONSENT_REVOKED","CONSENT_REVOKED","CONSENT_REVOKED","CONSENT_REVOKED"
"195","698e886d695578540861c5d0","6985f5b4dcd633561bd45966","RETURNED","Not Applicable","2026-02-13T02:12:20.046000Z","","","",NA,"",106,"CONSENT_REVOKED","CONSENT_REVOKED","CONSENT_REVOKED","CONSENT_REVOKED","CONSENT_REVOKED","CONSENT_REVOKED","CONSENT_REVOKED","CONSENT_REVOKED","CONSENT_REVOKED"
"196","698e88bc1dbfb79caa400e54","66f5d2424e2c1948e2b8f020","RETURNED","Not Applicable","2026-02-13T02:20:48.089000Z","","","",NA,"",6214,"CONSENT_REVOKED","CONSENT_REVOKED","CONSENT_REVOKED","CONSENT_REVOKED","CONSENT_REVOKED","CONSENT_REVOKED","CONSENT_REVOKED","CONSENT_REVOKED","CONSENT_REVOKED"
"197","698e8a9e7e03fd572fa3d4b2","6914e8f29baac8d342aefa31","RETURNED","Not Applicable","2026-02-13T02:21:21.616000Z","","","",NA,"",616,"CONSENT_REVOKED","CONSENT_REVOKED","CONSENT_REVOKED","CONSENT_REVOKED","CONSENT_REVOKED","CONSENT_REVOKED","CONSENT_REVOKED","CONSENT_REVOKED","CONSENT_REVOKED"
"198","698e8ad30c7af014e4ebadc8","67e268cbf13dcd115337894c","RETURNED","Not Applicable","2026-02-13T02:22:28.534000Z","","","",NA,"",5069,"CONSENT_REVOKED","CONSENT_REVOKED","CONSENT_REVOKED","CONSENT_REVOKED","CONSENT_REVOKED","CONSENT_REVOKED","CONSENT_REVOKED","CONSENT_REVOKED","CONSENT_REVOKED"
"199","698e8b043ff9af36fd12cb62","58f0fca0d40252000192f201","RETURNED","Not Applicable","2026-02-13T02:23:36.522000Z","","","",NA,"",24510,"CONSENT_REVOKED","CONSENT_REVOKED","CONSENT_REVOKED","CONSENT_REVOKED","CONSENT_REVOKED","CONSENT_REVOKED","CONSENT_REVOKED","CONSENT_REVOKED","CONSENT_REVOKED"
"200","698e8b3f5136ef9bef7c80e7","662bf98a6f25e5ccdce46ebc","RETURNED","Not Applicable","2026-02-13T02:24:17.672000Z","","","",NA,"",5928,"CONSENT_REVOKED","CONSENT_REVOKED","CONSENT_REVOKED","CONSENT_REVOKED","CONSENT_REVOKED","CONSENT_REVOKED","CONSENT_REVOKED","CONSENT_REVOKED","CONSENT_REVOKED"
"201","698e8b6114220ba16cd5b3e6","67f02740d233a50f479c4e20","RETURNED","Not Applicable","2026-02-13T02:24:42.526000Z","","","",NA,"",3820,"CONSENT_REVOKED","CONSENT_REVOKED","CONSENT_REVOKED","CONSENT_REVOKED","CONSENT_REVOKED","CONSENT_REVOKED","CONSENT_REVOKED","CONSENT_REVOKED","CONSENT_REVOKED"
"202","698e8bae19e807d20e771335","6987a1e2280a50ce4b099a98","RETURNED","Not Applicable","2026-02-13T02:25:59.955000Z","","","",NA,"",88,"CONSENT_REVOKED","CONSENT_REVOKED","CONSENT_REVOKED","CONSENT_REVOKED","CONSENT_REVOKED","CONSENT_REVOKED","CONSENT_REVOKED","CONSENT_REVOKED","CONSENT_REVOKED"
"203","698e8bd163d7cb380a5b27da","610821aa6d9ac4dc36298a6b","RETURNED","Not Applicable","2026-02-13T02:26:31.897000Z","","","",NA,"",315,"CONSENT_REVOKED","CONSENT_REVOKED","CONSENT_REVOKED","CONSENT_REVOKED","CONSENT_REVOKED","CONSENT_REVOKED","CONSENT_REVOKED","CONSENT_REVOKED","CONSENT_REVOKED"
"204","698e8bf8d35119f17c0eb1a5","697a431ce5b53d928795be88","RETURNED","Not Applicable","2026-02-13T02:27:10.858000Z","","","",NA,"",91,"CONSENT_REVOKED","CONSENT_REVOKED","CONSENT_REVOKED","CONSENT_REVOKED","CONSENT_REVOKED","CONSENT_REVOKED","CONSENT_REVOKED","CONSENT_REVOKED","CONSENT_REVOKED"
"205","698e8c1ab0d97904e1f43f3d","69863eed1a33d8211313d0f6","RETURNED","Not Applicable","2026-02-13T02:27:47.372000Z","","","",NA,"",36,"CONSENT_REVOKED","CONSENT_REVOKED","CONSENT_REVOKED","CONSENT_REVOKED","CONSENT_REVOKED","CONSENT_REVOKED","CONSENT_REVOKED","CONSENT_REVOKED","CONSENT_REVOKED"
"206","698e8c45d1fd78cac51ae9ab","6737b69daf0903583088288c","RETURNED","Not Applicable","2026-02-13T02:28:25.786000Z","","","",NA,"",232,"CONSENT_REVOKED","CONSENT_REVOKED","CONSENT_REVOKED","CONSENT_REVOKED","CONSENT_REVOKED","CONSENT_REVOKED","CONSENT_REVOKED","CONSENT_REVOKED","CONSENT_REVOKED"
"207","698e8c6f3260aa9350d6e9dc","628f83dc5398c04bac86f9e6","RETURNED","Not Applicable","2026-02-13T02:29:06.720000Z","","","",NA,"",18922,"CONSENT_REVOKED","CONSENT_REVOKED","CONSENT_REVOKED","CONSENT_REVOKED","CONSENT_REVOKED","CONSENT_REVOKED","CONSENT_REVOKED","CONSENT_REVOKED","CONSENT_REVOKED"
"208","698e8ceaf9bd8d85554fa6ee","6754246c81ce61cb6ffe887f","RETURNED","Not Applicable","2026-02-13T02:34:57.449000Z","","","",NA,"",1159,"CONSENT_REVOKED","CONSENT_REVOKED","CONSENT_REVOKED","CONSENT_REVOKED","CONSENT_REVOKED","CONSENT_REVOKED","CONSENT_REVOKED","CONSENT_REVOKED","CONSENT_REVOKED"
"209","698e8e4787978b1e7486ae89","697a84dbdb9447e229151c06","RETURNED","Not Applicable","2026-02-13T02:36:59.384000Z","","","",NA,"",324,"CONSENT_REVOKED","CONSENT_REVOKED","CONSENT_REVOKED","CONSENT_REVOKED","CONSENT_REVOKED","CONSENT_REVOKED","CONSENT_REVOKED","CONSENT_REVOKED","CONSENT_REVOKED"
"210","698e8e6c13c55429895bb211","66356ffe9661f0497f3860c8","RETURNED","Not Applicable","2026-02-13T02:37:38.881000Z","","","",NA,"",3330,"CONSENT_REVOKED","CONSENT_REVOKED","CONSENT_REVOKED","CONSENT_REVOKED","CONSENT_REVOKED","CONSENT_REVOKED","CONSENT_REVOKED","CONSENT_REVOKED","CONSENT_REVOKED"
"211","698e8ea7924b279ef009a028","6781853762f0a6dcbf4ac534","RETURNED","Not Applicable","2026-02-13T02:38:37.992000Z","","","",NA,"",1211,"CONSENT_REVOKED","CONSENT_REVOKED","CONSENT_REVOKED","CONSENT_REVOKED","CONSENT_REVOKED","CONSENT_REVOKED","CONSENT_REVOKED","CONSENT_REVOKED","CONSENT_REVOKED"
"212","698e9618d02b18a233180a67","664f96491b1f7c4bf98dfc87","RETURNED","Not Applicable","2026-02-13T03:10:19.378000Z","","","",NA,"",4824,"CONSENT_REVOKED","CONSENT_REVOKED","CONSENT_REVOKED","CONSENT_REVOKED","CONSENT_REVOKED","CONSENT_REVOKED","CONSENT_REVOKED","CONSENT_REVOKED","CONSENT_REVOKED"
"213","698e962e5edb469e2b7c3fc2","695ff8839a2ca7f0e6a87f05","RETURNED","Not Applicable","2026-02-13T03:10:42.802000Z","","","",NA,"",80,"CONSENT_REVOKED","CONSENT_REVOKED","CONSENT_REVOKED","CONSENT_REVOKED","CONSENT_REVOKED","CONSENT_REVOKED","CONSENT_REVOKED","CONSENT_REVOKED","CONSENT_REVOKED"
"214","698e965c51ce8093677a9165","67a7d4e19fee63cbe222ae02","RETURNED","Not Applicable","2026-02-13T03:11:28.972000Z","","","",NA,"",1887,"CONSENT_REVOKED","CONSENT_REVOKED","CONSENT_REVOKED","CONSENT_REVOKED","CONSENT_REVOKED","CONSENT_REVOKED","CONSENT_REVOKED","CONSENT_REVOKED","CONSENT_REVOKED"
"215","698e9675df7ee4c523f1e5d9","5711c09d28742b0011c585be","RETURNED","Not Applicable","2026-02-13T03:12:05.583000Z","","","",NA,"",3974,"CONSENT_REVOKED","CONSENT_REVOKED","CONSENT_REVOKED","CONSENT_REVOKED","CONSENT_REVOKED","CONSENT_REVOKED","CONSENT_REVOKED","CONSENT_REVOKED","CONSENT_REVOKED"
"216","698e9762d2892ded42b81bfa","6945b2bc841178ca14128632","RETURNED","Not Applicable","2026-02-13T03:15:52.253000Z","","","",NA,"",878,"CONSENT_REVOKED","CONSENT_REVOKED","CONSENT_REVOKED","CONSENT_REVOKED","CONSENT_REVOKED","CONSENT_REVOKED","CONSENT_REVOKED","CONSENT_REVOKED","CONSENT_REVOKED"
"217","698e978a3ac740be9fef6dee","67722f8e3a4f08a288a1f640","RETURNED","Not Applicable","2026-02-13T03:16:35.460000Z","","","",NA,"",8216,"CONSENT_REVOKED","CONSENT_REVOKED","CONSENT_REVOKED","CONSENT_REVOKED","CONSENT_REVOKED","CONSENT_REVOKED","CONSENT_REVOKED","CONSENT_REVOKED","CONSENT_REVOKED"
"218","698e97b393e9db57f419f0bd","694f4d4cf7f1d3401de99e61","RETURNED","Not Applicable","2026-02-13T03:17:11.778000Z","","","",NA,"",376,"CONSENT_REVOKED","CONSENT_REVOKED","CONSENT_REVOKED","CONSENT_REVOKED","CONSENT_REVOKED","CONSENT_REVOKED","CONSENT_REVOKED","CONSENT_REVOKED","CONSENT_REVOKED"
"219","698e97e17e0c1dd88361d077","6636e5ffb1e341fa2390a2c0","RETURNED","Not Applicable","2026-02-13T03:17:56.462000Z","","","",NA,"",4016,"CONSENT_REVOKED","CONSENT_REVOKED","CONSENT_REVOKED","CONSENT_REVOKED","CONSENT_REVOKED","CONSENT_REVOKED","CONSENT_REVOKED","CONSENT_REVOKED","CONSENT_REVOKED"
"220","698e97f3d1464e6db12525f3","66c110122b25034052d535bc","RETURNED","Not Applicable","2026-02-13T03:18:22.647000Z","","","",NA,"",5100,"CONSENT_REVOKED","CONSENT_REVOKED","CONSENT_REVOKED","CONSENT_REVOKED","CONSENT_REVOKED","CONSENT_REVOKED","CONSENT_REVOKED","CONSENT_REVOKED","CONSENT_REVOKED"
"221","698e98252a49c57f3156fb85","66aa8d04719b0f5ef3433e9c","RETURNED","Not Applicable","2026-02-13T03:19:17.608000Z","","","",NA,"",3242,"CONSENT_REVOKED","CONSENT_REVOKED","CONSENT_REVOKED","CONSENT_REVOKED","CONSENT_REVOKED","CONSENT_REVOKED","CONSENT_REVOKED","CONSENT_REVOKED","CONSENT_REVOKED"
"222","698e9877dfeb50f34e15c057","60ba71aa8f2ae12d3a595982","RETURNED","Not Applicable","2026-02-13T03:20:27.911000Z","","","",NA,"",892,"CONSENT_REVOKED","CONSENT_REVOKED","CONSENT_REVOKED","CONSENT_REVOKED","CONSENT_REVOKED","CONSENT_REVOKED","CONSENT_REVOKED","CONSENT_REVOKED","CONSENT_REVOKED"
"223","698e9895acc4a1ba910e9be3","67cb4f07e42b150f96dc180b","RETURNED","Not Applicable","2026-02-13T03:20:58.035000Z","","","",NA,"",1943,"CONSENT_REVOKED","CONSENT_REVOKED","CONSENT_REVOKED","CONSENT_REVOKED","CONSENT_REVOKED","CONSENT_REVOKED","CONSENT_REVOKED","CONSENT_REVOKED","CONSENT_REVOKED"
"224","698e98eccfd354494988f715","66fa0c80835daf2b640a6711","RETURNED","Not Applicable","2026-02-13T03:22:25.899000Z","","","",NA,"",2705,"CONSENT_REVOKED","CONSENT_REVOKED","CONSENT_REVOKED","CONSENT_REVOKED","CONSENT_REVOKED","CONSENT_REVOKED","CONSENT_REVOKED","CONSENT_REVOKED","CONSENT_REVOKED"
"225","698e9907ed6bac698319f61d","62a3be0d93b8dd1e69b4317d","RETURNED","Not Applicable","2026-02-13T03:22:50.690000Z","","","",NA,"",9018,"CONSENT_REVOKED","CONSENT_REVOKED","CONSENT_REVOKED","CONSENT_REVOKED","CONSENT_REVOKED","CONSENT_REVOKED","CONSENT_REVOKED","CONSENT_REVOKED","CONSENT_REVOKED"
"226","698ea2c081c8dd57044a0c31","67e567d4265ecb014e6b298b","RETURNED","Not Applicable","2026-02-13T04:04:37.190000Z","","","",NA,"",2391,"CONSENT_REVOKED","CONSENT_REVOKED","CONSENT_REVOKED","CONSENT_REVOKED","CONSENT_REVOKED","CONSENT_REVOKED","CONSENT_REVOKED","CONSENT_REVOKED","CONSENT_REVOKED"
"227","698ea33b9df90753df300d9b","63fcfd81a075a45d1a821308","RETURNED","Not Applicable","2026-02-13T04:06:27.214000Z","","","",NA,"",7405,"CONSENT_REVOKED","CONSENT_REVOKED","CONSENT_REVOKED","CONSENT_REVOKED","CONSENT_REVOKED","CONSENT_REVOKED","CONSENT_REVOKED","CONSENT_REVOKED","CONSENT_REVOKED"
"228","698ea3d93e59bdd14bc51276","5bb58e338f3bd70001e5df57","RETURNED","Not Applicable","2026-02-13T04:09:02.552000Z","","","",NA,"",11200,"CONSENT_REVOKED","CONSENT_REVOKED","CONSENT_REVOKED","CONSENT_REVOKED","CONSENT_REVOKED","CONSENT_REVOKED","CONSENT_REVOKED","CONSENT_REVOKED","CONSENT_REVOKED"
"229","698ea40709d972cd8a6c024a","67d5eb0b8ec16cc847b4593a","RETURNED","Not Applicable","2026-02-13T04:09:55.169000Z","","","",NA,"",3711,"CONSENT_REVOKED","CONSENT_REVOKED","CONSENT_REVOKED","CONSENT_REVOKED","CONSENT_REVOKED","CONSENT_REVOKED","CONSENT_REVOKED","CONSENT_REVOKED","CONSENT_REVOKED"
"230","698ea45f4c2c429aa10601b7","6646abc0720d1baaa7e0af4c","RETURNED","Not Applicable","2026-02-13T04:11:13.751000Z","","","",NA,"",1644,"CONSENT_REVOKED","CONSENT_REVOKED","CONSENT_REVOKED","CONSENT_REVOKED","CONSENT_REVOKED","CONSENT_REVOKED","CONSENT_REVOKED","CONSENT_REVOKED","CONSENT_REVOKED"
"231","698ea49b1084711a1e2dc0ce","664b8bef90cdb799d4c4c35d","RETURNED","Not Applicable","2026-02-13T04:12:15.887000Z","","","",NA,"",4312,"CONSENT_REVOKED","CONSENT_REVOKED","CONSENT_REVOKED","CONSENT_REVOKED","CONSENT_REVOKED","CONSENT_REVOKED","CONSENT_REVOKED","CONSENT_REVOKED","CONSENT_REVOKED"
"232","698ea4d40ae836b3afd1ec21","669596ba18d75e2e696b992e","RETURNED","Not Applicable","2026-02-13T04:13:11.969000Z","","","",NA,"",1653,"CONSENT_REVOKED","CONSENT_REVOKED","CONSENT_REVOKED","CONSENT_REVOKED","CONSENT_REVOKED","CONSENT_REVOKED","CONSENT_REVOKED","CONSENT_REVOKED","CONSENT_REVOKED"
"233","698ea52279a4963df97119c9","6942a793a0943732e26bc8a2","RETURNED","Not Applicable","2026-02-13T04:14:36.785000Z","","","",NA,"",1009,"CONSENT_REVOKED","CONSENT_REVOKED","CONSENT_REVOKED","CONSENT_REVOKED","CONSENT_REVOKED","CONSENT_REVOKED","CONSENT_REVOKED","CONSENT_REVOKED","CONSENT_REVOKED"
"234","698ea5c786bdca1a5629c898","60c6cd8bacdf5d1f27924048","RETURNED","Not Applicable","2026-02-13T04:17:18.357000Z","","","",NA,"",6389,"CONSENT_REVOKED","CONSENT_REVOKED","CONSENT_REVOKED","CONSENT_REVOKED","CONSENT_REVOKED","CONSENT_REVOKED","CONSENT_REVOKED","CONSENT_REVOKED","CONSENT_REVOKED"
"235","698ea60bdd90a7a5ed5ef5ec","67e089199b2161a43c738b97","RETURNED","Not Applicable","2026-02-13T04:18:24.121000Z","","","",NA,"",1549,"CONSENT_REVOKED","CONSENT_REVOKED","CONSENT_REVOKED","CONSENT_REVOKED","CONSENT_REVOKED","CONSENT_REVOKED","CONSENT_REVOKED","CONSENT_REVOKED","CONSENT_REVOKED"
"236","698ea66cc6cc4f7715f5338c","657f3a67a7240ab63edeb5d8","RETURNED","Not Applicable","2026-02-13T04:20:00.879000Z","","","",NA,"",3596,"CONSENT_REVOKED","CONSENT_REVOKED","CONSENT_REVOKED","CONSENT_REVOKED","CONSENT_REVOKED","CONSENT_REVOKED","CONSENT_REVOKED","CONSENT_REVOKED","CONSENT_REVOKED"
"237","698ea6ca41e4625b8338a35c","615993153e17441c2e8d6c92","RETURNED","Not Applicable","2026-02-13T04:21:45.053000Z","","","",NA,"",1540,"CONSENT_REVOKED","CONSENT_REVOKED","CONSENT_REVOKED","CONSENT_REVOKED","CONSENT_REVOKED","CONSENT_REVOKED","CONSENT_REVOKED","CONSENT_REVOKED","CONSENT_REVOKED"
"238","698ea7286f2e95bc009ed7a5","63b6be87ead45e4fa772fbf5","RETURNED","Not Applicable","2026-02-13T04:23:10.930000Z","","","",NA,"",13655,"CONSENT_REVOKED","CONSENT_REVOKED","CONSENT_REVOKED","CONSENT_REVOKED","CONSENT_REVOKED","CONSENT_REVOKED","CONSENT_REVOKED","CONSENT_REVOKED","CONSENT_REVOKED"
"239","698ea76a82f76bc442252621","67d0a57b0a4981c5e65c3bcc","RETURNED","Not Applicable","","","","",NA,"",7437,"CONSENT_REVOKED","CONSENT_REVOKED","CONSENT_REVOKED","CONSENT_REVOKED","CONSENT_REVOKED","CONSENT_REVOKED","CONSENT_REVOKED","CONSENT_REVOKED","CONSENT_REVOKED"
"240","698ea7898edd1bfb6f0c7835","698bd543f284cf07463f2eac","RETURNED","Not Applicable","2026-02-13T04:24:43.800000Z","","","",NA,"",66,"CONSENT_REVOKED","CONSENT_REVOKED","CONSENT_REVOKED","CONSENT_REVOKED","CONSENT_REVOKED","CONSENT_REVOKED","CONSENT_REVOKED","CONSENT_REVOKED","CONSENT_REVOKED"
"241","698ea7d0af324d4728c94a11","6752ce4087caba3e20d3fbde","RETURNED","Not Applicable","2026-02-13T04:25:57.221000Z","","","",NA,"",1563,"CONSENT_REVOKED","CONSENT_REVOKED","CONSENT_REVOKED","CONSENT_REVOKED","CONSENT_REVOKED","CONSENT_REVOKED","CONSENT_REVOKED","CONSENT_REVOKED","CONSENT_REVOKED"
"242","698ea83fca85bc2b6d4ef06b","694431339a077d45591b4e21","RETURNED","Not Applicable","2026-02-13T04:27:47.487000Z","","","",NA,"",326,"CONSENT_REVOKED","CONSENT_REVOKED","CONSENT_REVOKED","CONSENT_REVOKED","CONSENT_REVOKED","CONSENT_REVOKED","CONSENT_REVOKED","CONSENT_REVOKED","CONSENT_REVOKED"
"243","698ea8cb5a06a84c92b03868","696a7c58b77a6da8c469915b","RETURNED","Not Applicable","2026-02-13T04:30:10.489000Z","","","",NA,"",305,"CONSENT_REVOKED","CONSENT_REVOKED","CONSENT_REVOKED","CONSENT_REVOKED","CONSENT_REVOKED","CONSENT_REVOKED","CONSENT_REVOKED","CONSENT_REVOKED","CONSENT_REVOKED"
"244","698ea93988da24069acad139","698aa6981d9d2c6254950fb9","RETURNED","Not Applicable","2026-02-13T04:31:57.477000Z","","","",NA,"",70,"CONSENT_REVOKED","CONSENT_REVOKED","CONSENT_REVOKED","CONSENT_REVOKED","CONSENT_REVOKED","CONSENT_REVOKED","CONSENT_REVOKED","CONSENT_REVOKED","CONSENT_REVOKED"
"245","698ea984780a66cf09711df2","61109efff90b5bcc15b68b75","RETURNED","Not Applicable","2026-02-13T04:38:55.775000Z","","","",NA,"",1942,"CONSENT_REVOKED","CONSENT_REVOKED","CONSENT_REVOKED","CONSENT_REVOKED","CONSENT_REVOKED","CONSENT_REVOKED","CONSENT_REVOKED","CONSENT_REVOKED","CONSENT_REVOKED"
"246","698eabc7a5afb6ea023b37b6","5eed3df84fcaa015f3e06637","RETURNED","Not Applicable","2026-02-13T04:42:54.122000Z","","","",NA,"",2405,"CONSENT_REVOKED","CONSENT_REVOKED","CONSENT_REVOKED","CONSENT_REVOKED","CONSENT_REVOKED","CONSENT_REVOKED","CONSENT_REVOKED","CONSENT_REVOKED","CONSENT_REVOKED"
"247","698ead5114fbe616bf575605","5beb8419aec9ef0001e9d5fb","RETURNED","Not Applicable","2026-02-13T04:49:26.832000Z","","","",NA,"",8421,"CONSENT_REVOKED","CONSENT_REVOKED","CONSENT_REVOKED","CONSENT_REVOKED","CONSENT_REVOKED","CONSENT_REVOKED","CONSENT_REVOKED","CONSENT_REVOKED","CONSENT_REVOKED"
"248","698eb07314ef3c214dd2d908","66a1a78d9e3636cd2abd1c4e","RETURNED","Not Applicable","2026-02-13T05:02:48.274000Z","","","",NA,"",519,"CONSENT_REVOKED","CONSENT_REVOKED","CONSENT_REVOKED","CONSENT_REVOKED","CONSENT_REVOKED","CONSENT_REVOKED","CONSENT_REVOKED","CONSENT_REVOKED","CONSENT_REVOKED"
"249","698eb1a5164ef88368b0380c","58a50aebbb9e0f0001aca2a7","RETURNED","Not Applicable","2026-02-13T05:07:52.369000Z","","","",NA,"",9261,"CONSENT_REVOKED","CONSENT_REVOKED","CONSENT_REVOKED","CONSENT_REVOKED","CONSENT_REVOKED","CONSENT_REVOKED","CONSENT_REVOKED","CONSENT_REVOKED","CONSENT_REVOKED"
"250","698eb2147e5b91293ec51261","6609c596ac6ba651a47a15de","RETURNED","Not Applicable","2026-02-13T05:09:45.369000Z","","","",NA,"",3390,"CONSENT_REVOKED","CONSENT_REVOKED","CONSENT_REVOKED","CONSENT_REVOKED","CONSENT_REVOKED","CONSENT_REVOKED","CONSENT_REVOKED","CONSENT_REVOKED","CONSENT_REVOKED"
"251","698eb2c3d7c094fc4a092d2b","66c09873c30bdebfa67284d8","RETURNED","Not Applicable","2026-02-13T05:13:00.924000Z","","","",NA,"",1624,"CONSENT_REVOKED","CONSENT_REVOKED","CONSENT_REVOKED","CONSENT_REVOKED","CONSENT_REVOKED","CONSENT_REVOKED","CONSENT_REVOKED","CONSENT_REVOKED","CONSENT_REVOKED"
"252","698eb34f52ba9b301b8a7f80","67e037f21c6a42a34775ee52","RETURNED","Not Applicable","2026-02-13T05:15:01.906000Z","","","",NA,"",2503,"CONSENT_REVOKED","CONSENT_REVOKED","CONSENT_REVOKED","CONSENT_REVOKED","CONSENT_REVOKED","CONSENT_REVOKED","CONSENT_REVOKED","CONSENT_REVOKED","CONSENT_REVOKED"
"253","698eb38f204fb25e249a1205","6675b6ca5c9eb57d59e9a1fe","RETURNED","Not Applicable","2026-02-13T05:16:05.870000Z","","","",NA,"",295,"CONSENT_REVOKED","CONSENT_REVOKED","CONSENT_REVOKED","CONSENT_REVOKED","CONSENT_REVOKED","CONSENT_REVOKED","CONSENT_REVOKED","CONSENT_REVOKED","CONSENT_REVOKED"
"254","698eb3fcc3f5ae6a8e099faf","698d35bb4b3c1eafeb6d730d","RETURNED","Not Applicable","2026-02-13T05:17:53.446000Z","","","",NA,"",16,"CONSENT_REVOKED","CONSENT_REVOKED","CONSENT_REVOKED","CONSENT_REVOKED","CONSENT_REVOKED","CONSENT_REVOKED","CONSENT_REVOKED","CONSENT_REVOKED","CONSENT_REVOKED"
"255","698eb42b21c62f23af564e6e","67dbbdb452081ea930c8ab17","RETURNED","Not Applicable","2026-02-13T05:18:47.578000Z","","","",NA,"",3661,"CONSENT_REVOKED","CONSENT_REVOKED","CONSENT_REVOKED","CONSENT_REVOKED","CONSENT_REVOKED","CONSENT_REVOKED","CONSENT_REVOKED","CONSENT_REVOKED","CONSENT_REVOKED"
"256","698eb49970b041af482bafc4","675298723b2a8b9db1d750bf","RETURNED","Not Applicable","2026-02-13T05:20:48.744000Z","","","",NA,"",122,"CONSENT_REVOKED","CONSENT_REVOKED","CONSENT_REVOKED","CONSENT_REVOKED","CONSENT_REVOKED","CONSENT_REVOKED","CONSENT_REVOKED","CONSENT_REVOKED","CONSENT_REVOKED"
"257","698eb54df83356a19ed1ae64","6980f83f12f045a956b34632","RETURNED","Not Applicable","2026-02-13T05:23:29.389000Z","","","",NA,"",44,"CONSENT_REVOKED","CONSENT_REVOKED","CONSENT_REVOKED","CONSENT_REVOKED","CONSENT_REVOKED","CONSENT_REVOKED","CONSENT_REVOKED","CONSENT_REVOKED","CONSENT_REVOKED"
"258","698eb63363942aad1a33b237","69862bab25c0a2f2151c7480","RETURNED","Not Applicable","2026-02-13T05:27:18.087000Z","","","",NA,"",139,"CONSENT_REVOKED","CONSENT_REVOKED","CONSENT_REVOKED","CONSENT_REVOKED","CONSENT_REVOKED","CONSENT_REVOKED","CONSENT_REVOKED","CONSENT_REVOKED","CONSENT_REVOKED"
"259","698eb6448580d3c07bb81c5a","69869a523e9b1fb5a48a010d","RETURNED","Not Applicable","2026-02-13T05:27:35.636000Z","","","",NA,"",95,"CONSENT_REVOKED","CONSENT_REVOKED","CONSENT_REVOKED","CONSENT_REVOKED","CONSENT_REVOKED","CONSENT_REVOKED","CONSENT_REVOKED","CONSENT_REVOKED","CONSENT_REVOKED"
"260","698eb6af4c3519b42dadd86e","663e9572e6820841e1f0f60b","RETURNED","Not Applicable","2026-02-13T05:29:25.676000Z","","","",NA,"",1978,"CONSENT_REVOKED","CONSENT_REVOKED","CONSENT_REVOKED","CONSENT_REVOKED","CONSENT_REVOKED","CONSENT_REVOKED","CONSENT_REVOKED","CONSENT_REVOKED","CONSENT_REVOKED"
"261","698eb6f01d7953e3f50df2ac","58adfc6e7cf56d0001f931a2","RETURNED","Not Applicable","2026-02-13T05:30:28.569000Z","","","",NA,"",10313,"CONSENT_REVOKED","CONSENT_REVOKED","CONSENT_REVOKED","CONSENT_REVOKED","CONSENT_REVOKED","CONSENT_REVOKED","CONSENT_REVOKED","CONSENT_REVOKED","CONSENT_REVOKED"
"262","698eba862204956e6a448d10","629642bfde2bf56c1ec2a420","RETURNED","Not Applicable","2026-02-13T05:45:47.636000Z","","","",NA,"",7310,"CONSENT_REVOKED","CONSENT_REVOKED","CONSENT_REVOKED","CONSENT_REVOKED","CONSENT_REVOKED","CONSENT_REVOKED","CONSENT_REVOKED","CONSENT_REVOKED","CONSENT_REVOKED"
"263","698ebac539974a52e338a2eb","6751186eec1d2c10f0335079","RETURNED","Not Applicable","2026-02-13T05:46:50.031000Z","","","",NA,"",584,"CONSENT_REVOKED","CONSENT_REVOKED","CONSENT_REVOKED","CONSENT_REVOKED","CONSENT_REVOKED","CONSENT_REVOKED","CONSENT_REVOKED","CONSENT_REVOKED","CONSENT_REVOKED"
"264","698ebb3ddc3b7094d78ea039","67e97d506e0dfa7ff0b407c5","RETURNED","Not Applicable","2026-02-13T05:48:50.700000Z","","","",NA,"",4277,"CONSENT_REVOKED","CONSENT_REVOKED","CONSENT_REVOKED","CONSENT_REVOKED","CONSENT_REVOKED","CONSENT_REVOKED","CONSENT_REVOKED","CONSENT_REVOKED","CONSENT_REVOKED"
"265","698ebb8123e0901561dea7bb","63e5e4a0e6325fe0fabe8ee6","RETURNED","Not Applicable","2026-02-13T05:49:56.807000Z","","","",NA,"",4423,"CONSENT_REVOKED","CONSENT_REVOKED","CONSENT_REVOKED","CONSENT_REVOKED","CONSENT_REVOKED","CONSENT_REVOKED","CONSENT_REVOKED","CONSENT_REVOKED","CONSENT_REVOKED"
"266","698ebbb5a62fb7fa027c3f60","667ca2d5d369f3a68a3d3479","RETURNED","Not Applicable","2026-02-13T05:50:51.423000Z","","","",NA,"",1378,"CONSENT_REVOKED","CONSENT_REVOKED","CONSENT_REVOKED","CONSENT_REVOKED","CONSENT_REVOKED","CONSENT_REVOKED","CONSENT_REVOKED","CONSENT_REVOKED","CONSENT_REVOKED"
"267","698ebc057ef4ed2d27bd2540","66908eecc135ec77905c2810","RETURNED","Not Applicable","2026-02-13T05:52:15.514000Z","","","",NA,"",2141,"CONSENT_REVOKED","CONSENT_REVOKED","CONSENT_REVOKED","CONSENT_REVOKED","CONSENT_REVOKED","CONSENT_REVOKED","CONSENT_REVOKED","CONSENT_REVOKED","CONSENT_REVOKED"
"268","698ebcb723e0901561dea7fa","6941984defc3cfda7e9cdf6f","RETURNED","Not Applicable","2026-02-13T05:55:15.366000Z","","","",NA,"",613,"CONSENT_REVOKED","CONSENT_REVOKED","CONSENT_REVOKED","CONSENT_REVOKED","CONSENT_REVOKED","CONSENT_REVOKED","CONSENT_REVOKED","CONSENT_REVOKED","CONSENT_REVOKED"
"269","698ebd81422963f1ed63745c","698eafec65b84e8ad94a04d9","RETURNED","Not Applicable","2026-02-13T05:58:33.649000Z","","","",NA,"",6,"CONSENT_REVOKED","CONSENT_REVOKED","CONSENT_REVOKED","CONSENT_REVOKED","CONSENT_REVOKED","CONSENT_REVOKED","CONSENT_REVOKED","CONSENT_REVOKED","CONSENT_REVOKED"
"270","698ebda0633087adb64423e9","668344f9446237c895764f44","RETURNED","Not Applicable","2026-02-13T05:59:11.014000Z","","","",NA,"",532,"CONSENT_REVOKED","CONSENT_REVOKED","CONSENT_REVOKED","CONSENT_REVOKED","CONSENT_REVOKED","CONSENT_REVOKED","CONSENT_REVOKED","CONSENT_REVOKED","CONSENT_REVOKED"
"271","698ebe029f54a791fb15c021","698c255c08cfe10c11a60de4","RETURNED","Not Applicable","2026-02-13T06:00:59.982000Z","","","",NA,"",53,"CONSENT_REVOKED","CONSENT_REVOKED","CONSENT_REVOKED","CONSENT_REVOKED","CONSENT_REVOKED","CONSENT_REVOKED","CONSENT_REVOKED","CONSENT_REVOKED","CONSENT_REVOKED"
"272","698ebfd8895adcefff9ed739","6983179e8238363b6fb24710","RETURNED","Not Applicable","2026-02-13T06:08:29.101000Z","","","",NA,"",230,"CONSENT_REVOKED","CONSENT_REVOKED","CONSENT_REVOKED","CONSENT_REVOKED","CONSENT_REVOKED","CONSENT_REVOKED","CONSENT_REVOKED","CONSENT_REVOKED","CONSENT_REVOKED"
"273","698ebffbee45b7f5a15e11fb","67ca44c542a5ebd3baf7d5e1","RETURNED","Not Applicable","2026-02-13T06:09:20.732000Z","","","",NA,"",2961,"CONSENT_REVOKED","CONSENT_REVOKED","CONSENT_REVOKED","CONSENT_REVOKED","CONSENT_REVOKED","CONSENT_REVOKED","CONSENT_REVOKED","CONSENT_REVOKED","CONSENT_REVOKED"
"274","698ec0f084717af4325b2b40","63ea6344bf5cfafd40b0dce2","RETURNED","Not Applicable","","","","",NA,"",5993,"CONSENT_REVOKED","CONSENT_REVOKED","CONSENT_REVOKED","CONSENT_REVOKED","CONSENT_REVOKED","CONSENT_REVOKED","CONSENT_REVOKED","CONSENT_REVOKED","CONSENT_REVOKED"
"275","698ec1b284fc91e1f739f236","6786cd9fca3e75e900edbd1c","RETURNED","Not Applicable","2026-02-13T06:16:29.570000Z","","","",NA,"",3456,"CONSENT_REVOKED","CONSENT_REVOKED","CONSENT_REVOKED","CONSENT_REVOKED","CONSENT_REVOKED","CONSENT_REVOKED","CONSENT_REVOKED","CONSENT_REVOKED","CONSENT_REVOKED"
"276","698ec23e3845c5a80738a302","67819f666062825529fe313e","RETURNED","Not Applicable","2026-02-13T06:28:01.489000Z","","","",NA,"",4179,"CONSENT_REVOKED","CONSENT_REVOKED","CONSENT_REVOKED","CONSENT_REVOKED","CONSENT_REVOKED","CONSENT_REVOKED","CONSENT_REVOKED","CONSENT_REVOKED","CONSENT_REVOKED"
"277","698ec496c84821131abc0534","5e916cb9e502b1498e8fc059","RETURNED","Not Applicable","2026-02-13T06:28:44.877000Z","","","",NA,"",6322,"CONSENT_REVOKED","CONSENT_REVOKED","CONSENT_REVOKED","CONSENT_REVOKED","CONSENT_REVOKED","CONSENT_REVOKED","CONSENT_REVOKED","CONSENT_REVOKED","CONSENT_REVOKED"
"278","698ec4f0c0a6d1d1964831df","698bb890323864807fac796a","RETURNED","Not Applicable","2026-02-13T06:30:20.287000Z","","","",NA,"",72,"CONSENT_REVOKED","CONSENT_REVOKED","CONSENT_REVOKED","CONSENT_REVOKED","CONSENT_REVOKED","CONSENT_REVOKED","CONSENT_REVOKED","CONSENT_REVOKED","CONSENT_REVOKED"
"279","698ec60f1d2ef6458a19caa8","6738bbb49b751f21694bb4af","RETURNED","Not Applicable","2026-02-13T06:35:00.596000Z","","","",NA,"",3267,"CONSENT_REVOKED","CONSENT_REVOKED","CONSENT_REVOKED","CONSENT_REVOKED","CONSENT_REVOKED","CONSENT_REVOKED","CONSENT_REVOKED","CONSENT_REVOKED","CONSENT_REVOKED"
"280","698ec68a0a38ec4d35eb1cda","668e88ea6a476e76e0c1993b","RETURNED","Not Applicable","2026-02-13T06:37:13.598000Z","","","",NA,"",2462,"CONSENT_REVOKED","CONSENT_REVOKED","CONSENT_REVOKED","CONSENT_REVOKED","CONSENT_REVOKED","CONSENT_REVOKED","CONSENT_REVOKED","CONSENT_REVOKED","CONSENT_REVOKED"
"281","698ec6ed040d5e968c19f035","6609a35ed745fef53c0c1034","RETURNED","Not Applicable","2026-02-13T06:49:00.011000Z","","","",NA,"",3017,"CONSENT_REVOKED","CONSENT_REVOKED","CONSENT_REVOKED","CONSENT_REVOKED","CONSENT_REVOKED","CONSENT_REVOKED","CONSENT_REVOKED","CONSENT_REVOKED","CONSENT_REVOKED"
"282","698ec97e84775c1542720b51","6584685698e0573decb5dc6c","RETURNED","Not Applicable","2026-02-13T06:49:40.048000Z","","","",NA,"",102,"CONSENT_REVOKED","CONSENT_REVOKED","CONSENT_REVOKED","CONSENT_REVOKED","CONSENT_REVOKED","CONSENT_REVOKED","CONSENT_REVOKED","CONSENT_REVOKED","CONSENT_REVOKED"
"283","698ec9b703ce618e4619f617","662d0e2441cfa56ee3b70fa8","RETURNED","Not Applicable","2026-02-13T06:50:39.140000Z","","","",NA,"",1461,"CONSENT_REVOKED","CONSENT_REVOKED","CONSENT_REVOKED","CONSENT_REVOKED","CONSENT_REVOKED","CONSENT_REVOKED","CONSENT_REVOKED","CONSENT_REVOKED","CONSENT_REVOKED"
"284","698eca2fe466224e10ac7cfd","6662e322ca94837573efd737","RETURNED","Not Applicable","2026-02-13T06:52:43.237000Z","","","",NA,"",236,"CONSENT_REVOKED","CONSENT_REVOKED","CONSENT_REVOKED","CONSENT_REVOKED","CONSENT_REVOKED","CONSENT_REVOKED","CONSENT_REVOKED","CONSENT_REVOKED","CONSENT_REVOKED"
"285","698ecab5ce72e687680df2bf","67918357615d385cfd59cebc","RETURNED","Not Applicable","2026-02-13T06:54:54.670000Z","","","",NA,"",1177,"CONSENT_REVOKED","CONSENT_REVOKED","CONSENT_REVOKED","CONSENT_REVOKED","CONSENT_REVOKED","CONSENT_REVOKED","CONSENT_REVOKED","CONSENT_REVOKED","CONSENT_REVOKED"
"286","698ecafc78474a4d7237d9af","66efeddf8f8a1bebab673223","RETURNED","Not Applicable","2026-02-13T06:56:05.318000Z","","","",NA,"",725,"CONSENT_REVOKED","CONSENT_REVOKED","CONSENT_REVOKED","CONSENT_REVOKED","CONSENT_REVOKED","CONSENT_REVOKED","CONSENT_REVOKED","CONSENT_REVOKED","CONSENT_REVOKED"
"287","698ecb3b7f427423eed5b85f","5848ad3bdb871400012da095","RETURNED","Not Applicable","2026-02-13T06:57:09.876000Z","","","",NA,"",1694,"CONSENT_REVOKED","CONSENT_REVOKED","CONSENT_REVOKED","CONSENT_REVOKED","CONSENT_REVOKED","CONSENT_REVOKED","CONSENT_REVOKED","CONSENT_REVOKED","CONSENT_REVOKED"
"288","698ecb9fbcb8da14f9d1ae45","698265157d16ae81d880288d","RETURNED","Not Applicable","2026-02-13T06:58:44.661000Z","","","",NA,"",87,"CONSENT_REVOKED","CONSENT_REVOKED","CONSENT_REVOKED","CONSENT_REVOKED","CONSENT_REVOKED","CONSENT_REVOKED","CONSENT_REVOKED","CONSENT_REVOKED","CONSENT_REVOKED"
"289","698ecbcc06d4058bc5f53276","65c10fc4bfa12f9fbcfda656","RETURNED","Not Applicable","2026-02-13T06:59:30.606000Z","","","",NA,"",4416,"CONSENT_REVOKED","CONSENT_REVOKED","CONSENT_REVOKED","CONSENT_REVOKED","CONSENT_REVOKED","CONSENT_REVOKED","CONSENT_REVOKED","CONSENT_REVOKED","CONSENT_REVOKED"
"290","698ecc325205ae932dadd826","694143fe5c84af5a24325e42","RETURNED","Not Applicable","2026-02-13T07:12:00.009000Z","","","",NA,"",1025,"CONSENT_REVOKED","CONSENT_REVOKED","CONSENT_REVOKED","CONSENT_REVOKED","CONSENT_REVOKED","CONSENT_REVOKED","CONSENT_REVOKED","CONSENT_REVOKED","CONSENT_REVOKED"
"291","698ecf060fd1de4a92c5e40d","666559e634fffd1ce19ba654","RETURNED","Not Applicable","2026-02-13T07:13:16.305000Z","","","",NA,"",4689,"CONSENT_REVOKED","CONSENT_REVOKED","CONSENT_REVOKED","CONSENT_REVOKED","CONSENT_REVOKED","CONSENT_REVOKED","CONSENT_REVOKED","CONSENT_REVOKED","CONSENT_REVOKED"
"292","698ecf5e0c67aa2e64496921","67ac5678d6ff3c43d30b333f","RETURNED","Not Applicable","2026-02-13T07:14:42.231000Z","","","",NA,"",3481,"CONSENT_REVOKED","CONSENT_REVOKED","CONSENT_REVOKED","CONSENT_REVOKED","CONSENT_REVOKED","CONSENT_REVOKED","CONSENT_REVOKED","CONSENT_REVOKED","CONSENT_REVOKED"
"293","698ed0328878b639bb564ea5","698cac7599d7bced6290abff","RETURNED","Not Applicable","2026-02-13T07:18:18.162000Z","","","",NA,"",16,"CONSENT_REVOKED","CONSENT_REVOKED","CONSENT_REVOKED","CONSENT_REVOKED","CONSENT_REVOKED","CONSENT_REVOKED","CONSENT_REVOKED","CONSENT_REVOKED","CONSENT_REVOKED"
"294","698ed0e3a95008c90fefd161","6133bdc2e9c3d413eea3cfd7","RETURNED","Not Applicable","2026-02-13T07:21:11.379000Z","","","",NA,"",804,"CONSENT_REVOKED","CONSENT_REVOKED","CONSENT_REVOKED","CONSENT_REVOKED","CONSENT_REVOKED","CONSENT_REVOKED","CONSENT_REVOKED","CONSENT_REVOKED","CONSENT_REVOKED"
