Event Index,UTC Timestamp,UTC Date and Time,Local Timestamp,Local Timezone,Local Date and Time,Experiment ID,Experiment Version,Tree Node Key,Repeat Key,Schedule ID,Participant Public ID,Participant Private ID,Participant Starting Group,Participant Status,Participant Completion Code,Participant External Session ID,Participant Device Type,Participant Device,Participant OS,Participant Browser,Participant Monitor Size,Participant Viewport Size,Checkpoint,Room ID,Room Order,Task Name,Task Version,randomiser-zmvq,counterbalance-5cg9,branch-65sy,questionnaire-qemh-Gender,questionnaire-qemh-Gender-text,questionnaire-qemh-Gender-quantised,questionnaire-qemh-Age,questionnaire-qemh-cultural-arab,questionnaire-qemh-cultural-arab-text,questionnaire-qemh-cultural-arab-quantised,questionnaire-qemh-cultural-asian,questionnaire-qemh-cultural-asian-text,questionnaire-qemh-cultural-asian-quantised,questionnaire-qemh-cultural-black,questionnaire-qemh-cultural-black-text,questionnaire-qemh-cultural-black-quantised,questionnaire-qemh-cultural-multiple,questionnaire-qemh-cultural-multiple-text,questionnaire-qemh-cultural-multiple-quantised,questionnaire-qemh-cultural-white,questionnaire-qemh-cultural-white-text,questionnaire-qemh-cultural-white-quantised,questionnaire-qemh-cultural-prefNo,questionnaire-qemh-cultural-prefNo-text,questionnaire-qemh-cultural-prefNo-quantised,questionnaire-qemh-cultural-another,questionnaire-qemh-cultural-another-text,questionnaire-qemh-END QUESTIONNAIRE
,,,,,,,,,,,,,,,,,,,,,,,,,,,,,,,,,,,,,,,,,,,,,,,,,,,,,,,
1,1770901218777,12/02/2026 13:00:18,1770901218453,-5,12/02/2026 08:00:18,249979,6,questionnaire-qemh,,52657025,683cbc0c0c2d722831c8bc17,15127829,,complete,,698dc6e9a715d6191171ff5e,computer,Desktop or Laptop,Windows 10,Chrome 142.0.0.0,1280x720,1536x730,,,,Generic Demographics,3,J_YES,2,consentProvided,Woman,,1,49,,,,,,,,,,,,,British or English or Scottish or Welsh or Northern Irish,,1,,,,,,53913
1,1770901007735,12/02/2026 12:56:47,1770901007178,-5,12/02/2026 07:56:47,249979,6,questionnaire-qemh,,52656886,697dd67958db8cc58de94953,15127855,,complete,,698dc766aae1dcd5035bda2d,computer,Desktop or Laptop,Windows 10,Chrome 142.0.0.0,1366x768,1366x633,,,,Generic Demographics,3,F_YES,2,consentProvided,Woman,,1,32,"In another way (specify, if you wish).",,,,,,,,,"Any other mixed or multiple ethnic backgrounds (specify, if you wish).",mixed,,,,,,,,,,44704
1,1770900824549,12/02/2026 12:53:44,1770900825106,-6,12/02/2026 06:53:45,249979,6,questionnaire-qemh,,52656787,5f627a1e4b807f1aa7e35280,15127885,,complete,,698dc804a844c607be2cffef,computer,Desktop or Laptop,Windows 10,Chrome 144.0.0.0,1600x900,1067x493,,,,Generic Demographics,3,J_YES,1,consentProvided,Woman,,1,52,,,,,,,,,,,,,British or English or Scottish or Welsh or Northern Irish,,1,,,,,,18223
1,1770912231174,12/02/2026 16:03:51,1770912232149,-6,12/02/2026 10:03:52,249979,6,questionnaire-qemh,,52666561,67e830bb6eaebc236b9cd37e,15130816,,complete,,698df3c5357d3b667db62651,computer,Desktop or Laptop,Windows 10,Chrome 144.0.0.0,1715x965,1064x763,,,,Generic Demographics,3,J_YES,1,consentProvided,Woman,,1,63,,,,,,,,,,,,,British or English or Scottish or Welsh or Northern Irish,,1,,,,,,19960
1,1770912478189,12/02/2026 16:07:58,1770912412616,-5,12/02/2026 11:06:52,249979,6,questionnaire-qemh,,52666887,669150c4ca6ea56274c3e472,15130866,,complete,,698df6a0f229dcca9a8d590f,computer,Desktop or Laptop,Windows 10,Firefox 147.0,1600x900,1600x738,,,,Generic Demographics,3,F_YES,2,consentProvided,Man,,2,25,Arab or Arab British,,1,,,,,,,,,,British or English or Scottish or Welsh or Northern Irish,,1,,,,,,38255
1,1770912503724,12/02/2026 16:08:23,1770912503602,-6,12/02/2026 10:08:23,249979,6,questionnaire-qemh,,52666929,5ba91685d08ab20001c83a13,15130868,,complete,,698df6a51ea53ae88bc94c32,computer,Desktop or Laptop,Mac OS 10.15,Firefox 147.0,3440x1440,1926x1019,,,,Generic Demographics,3,J_YES,2,consentProvided,Man,,2,35,,,,,,,,,,,,,Irish,,3,,,,,,23122
1,1770913032641,12/02/2026 16:17:12,1770913029095,-6,12/02/2026 10:17:09,249979,6,questionnaire-qemh,,52667649,6702c3ee33eed6369eb34c8f,15130875,,complete,,698df6a2464b0007dbb8c17a,computer,Desktop or Laptop,Windows 10,Chrome 144.0.0.0,976x549,976x428,,,,Generic Demographics,3,F_YES,1,consentProvided,Man,,2,45,,,,,,,,,,"Any other mixed or multiple ethnic backgrounds (specify, if you wish).",Native American/Caucasian ,,,,,,,,,,30362
1,1770916108858,12/02/2026 17:08:28,1770916109433,-5,12/02/2026 12:08:29,249979,6,questionnaire-qemh,,52670968,680c0636408121caf12fe0d1,15131578,,complete,,698e0065e60c0eff1f184d4a,computer,Desktop or Laptop,Windows 10,Chrome 133.0.0.0,1360x768,1360x641,,,,Generic Demographics,3,F_YES,2,consentProvided,Woman,,1,62,,,,,,,African or African British,,1,,,,,,,,,,,,29154
1,1770918242603,12/02/2026 17:44:02,1770918232900,-5,12/02/2026 12:43:52,249979,6,questionnaire-qemh,,52673217,6369700320bc7dd22e733009,15132288,,complete,,698e0cd2dae44ce62970d15e,computer,Desktop or Laptop,Windows 10,Chrome 144.0.0.0,1275x797,1275x655,,,,Generic Demographics,3,J_YES,2,consentProvided,Woman,,1,67,,,,,,,,,,,,,Irish,,3,,,,,,22271
1,1770918364837,12/02/2026 17:46:04,1770918364567,-6,12/02/2026 11:46:04,249979,6,questionnaire-qemh,,52673342,617323e630f3fa36361cb35b,15132321,,complete,,698e0d4c98f2106882d2ec6b,computer,Desktop or Laptop,Windows 10,Firefox 147.0,1600x900,1600x766,,,,Generic Demographics,3,J_YES,1,consentProvided,Woman,,1,55,,,,,,,,,,,,,"In another way (specify, if you wish).",American,,,,,,,22981
1,1770918294929,12/02/2026 17:44:54,1770918294844,-5,12/02/2026 12:44:54,249979,6,questionnaire-qemh,,52673264,5c1827dbebe9950001752e40,15132332,,complete,,698e0d8c2e9a686542cb12d8,computer,Desktop or Laptop,Windows 10,Chrome 122.0.0.0,1920x1080,1920x911,,,,Generic Demographics,3,F_YES,2,consentProvided,Man,,2,34,"In another way (specify, if you wish).",Error,,,,,,,,,,,"In another way (specify, if you wish).",German,,,,,,,42985
1,1770920884242,12/02/2026 18:28:04,1770920883723,-6,12/02/2026 12:28:03,249979,6,questionnaire-qemh,,52675453,6764cce7a10cc8e279651a57,15132357,,complete,,698e0df828e87679d144bcfc,computer,Desktop or Laptop,Windows 10,Chrome 144.0.0.0,1920x1080,1920x945,,,,Generic Demographics,3,F_YES,2,consentProvided,Man,,2,31,"In another way (specify, if you wish).",,,,,,,,,,,,,,,,,,"In another way (specify, if you wish)",American ,98322
1,1770918439351,12/02/2026 17:47:19,1770918440612,-5,12/02/2026 12:47:20,249979,6,questionnaire-qemh,,52673456,66cd40ce9bb246e2dc55429e,15132361,,complete,,698e0de9b4dcf8a3af4a9414,computer,Desktop or Laptop,Windows 10,Edge 144.0.0.0,1920x1080,1912x922,,,,Generic Demographics,3,J_YES,1,consentProvided,Man,,2,35,,,,,,,,,,"Any other mixed or multiple ethnic backgrounds (specify, if you wish).",,,British or English or Scottish or Welsh or Northern Irish,,1,Prefer not to say,,1,,,98828
1,1770918934852,12/02/2026 17:55:34,1770918934291,-5,12/02/2026 12:55:34,249979,6,questionnaire-qemh,,52673955,682634b74da614d118d7990e,15132390,,complete,,698e0e4e8fe107d625a21eab,computer,Desktop or Laptop,Windows 10,Chrome 137.0.0.0,1536x864,1536x730,,,,Generic Demographics,3,F_YES,1,consentProvided,Man,,2,28,,,,,,,,,,,,,British or English or Scottish or Welsh or Northern Irish,,1,,,,,,34388
1,1770918601453,12/02/2026 17:50:01,1770918601265,-6,12/02/2026 11:50:01,249979,6,questionnaire-qemh,,52673638,5e7a2ccd69a7770604dfb352,15132437,,complete,,698e0e8caa9d7da27e7e3253,computer,Desktop or Laptop,Mac OS 10.15,Firefox 147.0,1440x900,1391x691,,,,Generic Demographics,3,J_YES,1,consentProvided,Woman,,1,52,,,,,,,,,,,,,British or English or Scottish or Welsh or Northern Irish,,1,,,,,,13885
1,1770918948487,12/02/2026 17:55:48,1770918947816,-8,12/02/2026 09:55:47,249979,6,questionnaire-qemh,,52673971,616c056b42e788ef31efc4b0,15132455,,complete,,698e0d8150a54e3e4dd5b9ed,computer,Desktop or Laptop,Windows 10,Chrome 145.0.0.0,1280x720,1707x735,,,,Generic Demographics,3,F_YES,2,consentProvided,Woman,,1,41,,,,"In another way (specify, if you wish).",Korean,,,,,,,,,,,,,,,,21418
1,1770920457206,12/02/2026 18:20:57,1770920455582,-6,12/02/2026 12:20:55,249979,6,questionnaire-qemh,,52675174,654d03ec6d9ed752946923cd,15132462,,complete,,698e0e6435cb932ad7c990af,computer,Desktop or Laptop,Windows 10,Chrome 144.0.0.0,1536x864,766x728,,,,Generic Demographics,3,J_YES,2,consentProvided,Man,,2,67,,,,,,,,,,,,,British or English or Scottish or Welsh or Northern Irish,,1,,,,,,22878
1,1770918881684,12/02/2026 17:54:41,1770918881451,-6,12/02/2026 11:54:41,249979,6,questionnaire-qemh,,52673906,694171da571767ed46eee2b0,15132474,,complete,,698e0f298b0d3461667c01d0,computer,Desktop or Laptop,Mac OS 10.15.7,Safari 26.1,1440x900,1435x735,,,,Generic Demographics,3,F_YES,1,consentProvided,Woman,,1,48,,,,,,,,,,,,,British or English or Scottish or Welsh or Northern Irish,,1,,,,,,23335
1,1770921400286,12/02/2026 18:36:40,1770921400438,-8,12/02/2026 10:36:40,249979,6,questionnaire-qemh,,52675755,67ddf7048bb4a1eb57c71031,15132476,,complete,,698e0d0d043be69f07b77816,computer,Desktop or Laptop,Windows 10,Chrome 145.0.0.0,1920x1080,1920x945,,,,Generic Demographics,3,F_YES,1,consentProvided,Man,,2,39,"In another way (specify, if you wish).",,,Bangladeshi or Bangladeshi British,,1,Caribbean or Caribbean British,,2,White or White British *and* Asian or Asian British,,1,Gypsy or Irish Traveller or Traveller or Roma,,2,,,,,,28134
1,1770918973836,12/02/2026 17:56:13,1770918973696,-5,12/02/2026 12:56:13,249979,6,questionnaire-qemh,,52673993,64badb09518eb5b219132eea,15132481,,complete,,698e0f46fbe01086af049ad5,computer,Desktop or Laptop,Windows 10,Edge 144.0.0.0,1536x864,1528x732,,,,Generic Demographics,3,J_YES,2,consentProvided,Man,,2,44,,,,,,,,,,,,,"In another way (specify, if you wish).",American,,,,,,,28290
1,1770919437044,12/02/2026 18:03:57,1770919450769,-5,12/02/2026 13:04:10,249979,6,questionnaire-qemh,,52674402,5ad7835e9c198c0001fad31a,15132486,,complete,,698e0d51e300501eaa785176,computer,Desktop or Laptop,Windows 10,Chrome 144.0.0.0,1536x864,1536x738,,,,Generic Demographics,3,J_YES,2,consentProvided,Woman,,1,37,,,,,,,,,,,,,,,,Prefer not to say,,1,,,25246
1,1770919457582,12/02/2026 18:04:17,1770919457371,-7,12/02/2026 11:04:17,249979,6,questionnaire-qemh,,52674418,5f0a686635f72917e94c7a63,15132540,,complete,,698e0fbdda2c7ae8bd17a307,computer,Desktop or Laptop,Mac OS 10.15.7,Chrome 144.0.0.0,1440x900,1440x812,,,,Generic Demographics,3,J_YES,1,consentProvided,Prefer Not To Say,,4,45,,,,,,,,,,,,,,,,Prefer not to say,,1,,,17386
1,1770919249406,12/02/2026 18:00:49,1770919248979,-5,12/02/2026 13:00:48,249979,6,questionnaire-qemh,,52674233,606cf604adbb6982bb382881,15132574,,complete,,698e103434ea9091f1698b0e,computer,Desktop or Laptop,Windows 10,Chrome 144.0.0.0,1920x1080,1097x525,,,,Generic Demographics,3,F_YES,2,consentProvided,Man,,2,40,"In another way (specify, if you wish).",,,"In another way (specify, if you wish).",,,,,,,,,British or English or Scottish or Welsh or Northern Irish,,1,,,,,,42496
1,1770919469143,12/02/2026 18:04:29,1770919468871,-6,12/02/2026 12:04:28,249979,6,questionnaire-qemh,,52674432,697b8c64c1a826a7de68e7ae,15132588,,complete,,698e105211e96b500f6f5ea2,computer,Desktop or Laptop,Windows 10,Chrome 144.0.0.0,1536x864,1536x703,,,,Generic Demographics,3,F_YES,2,consentProvided,Woman,,1,64,,,,,,,,,,,,,British or English or Scottish or Welsh or Northern Irish,,1,,,,,,32577
1,1770919160151,12/02/2026 17:59:20,1770919166697,-5,12/02/2026 12:59:26,249979,6,questionnaire-qemh,,52674148,66e9a6cf278a9806ebe7bd0b,15132593,,complete,,698e1037c1fbc02cff730ec4,computer,Desktop or Laptop,Windows 10,Chrome 144.0.0.0,1536x864,1536x742,,,,Generic Demographics,3,J_YES,1,consentProvided,Man,,2,36,,,,,,,,,,,,,British or English or Scottish or Welsh or Northern Irish,,1,,,,,,17796
1,1770919374525,12/02/2026 18:02:54,1770919374441,-5,12/02/2026 13:02:54,249979,6,questionnaire-qemh,,52674346,65c12f748c1ed7690f805fb4,15132610,,complete,,698e1071ca23b5b74859b5b3,computer,Desktop or Laptop,Linux x86_64,Chrome 145.0.0.0,1360x768,1294x615,,,,Generic Demographics,3,J_YES,2,consentProvided,Man,,2,59,,,,,,,,,,,,,British or English or Scottish or Welsh or Northern Irish,,1,,,,,,57009
1,1770919640054,12/02/2026 18:07:20,1770919643823,-5,12/02/2026 13:07:23,249979,6,questionnaire-qemh,,52674560,615914a33224dc31f1045612,15132623,,complete,,698e10af6c0bc28f2b0ca5cc,computer,Desktop or Laptop,Windows 10,Chrome 144.0.0.0,1920x1080,1920x945,,,,Generic Demographics,3,F_YES,1,consentProvided,Man,,2,65,"In another way (specify, if you wish).",Americsn,,"In another way (specify, if you wish).",American,,"In another way (specify, if you wish).",White,,"Any other mixed or multiple ethnic backgrounds (specify, if you wish).",White,,,,,,,,"In another way (specify, if you wish)",,73286
1,1770919582269,12/02/2026 18:06:22,1770919581804,-7,12/02/2026 11:06:21,249979,6,questionnaire-qemh,,52674522,66a02d45a7db35d93c9f6a81,15132660,,complete,,698e115251dcfc8ce4421876,computer,Desktop or Laptop,Chromium OS 14541.0.0,Chrome 144.0.0.0,1366x768,1366x633,,,,Generic Demographics,3,F_YES,2,consentProvided,Man,,2,26,,,,,,,,,,,,,British or English or Scottish or Welsh or Northern Irish,,1,,,,,,13941
1,1770919329469,12/02/2026 18:02:09,1770919328557,-5,12/02/2026 13:02:08,249979,6,questionnaire-qemh,,52674300,5ac5a9a9f69e940001d984b5,15132676,,complete,,698e118aa1173a47c43a8350,computer,Desktop or Laptop,Windows 10,Chrome 144.0.0.0,1920x1200,1505x965,,,,Generic Demographics,3,J_YES,1,consentProvided,Man,,2,47,,,,,,,,,,,,,"In another way (specify, if you wish).",,,,,,,,29118
1,1770919379040,12/02/2026 18:02:59,1770919378914,-5,12/02/2026 13:02:58,249979,6,questionnaire-qemh,,52674352,6717f0ac88d9f27d9b79af31,15132679,,complete,,698e118dad1939e3c80d6cd0,computer,Desktop or Laptop,Mac OS 10.15.7,Safari 18.6,2560x1440,1782x1078,,,,Generic Demographics,3,J_YES,1,consentProvided,Woman,,1,50,,,,,,,,,,White or White British *and* Asian or Asian British,,1,British or English or Scottish or Welsh or Northern Irish,,1,,,,,,23726
1,1770919865743,12/02/2026 18:11:05,1770919870205,-5,12/02/2026 13:11:10,249979,6,questionnaire-qemh,,52674728,6676de84b74db82737117749,15132689,,complete,,698e1191c31099f41b10af03,computer,Desktop or Laptop,Windows 10,Chrome 144.0.0.0,1366x768,1366x641,,,,Generic Demographics,3,F_YES,2,consentProvided,Man,,2,71,,,,,,,,,,,,,"In another way (specify, if you wish).",Brazilian with ancestors in Italy,,,,,,,51520
1,1770919412444,12/02/2026 18:03:32,1770919412303,-5,12/02/2026 13:03:32,249979,6,questionnaire-qemh,,52674385,667871d17d7fdf0358f82a28,15132693,,complete,,698e11a324e5a851ed2380cb,computer,Desktop or Laptop,Mac OS 10.15.7,Chrome 144.0.0.0,1470x956,1470x831,,,,Generic Demographics,3,F_YES,1,consentProvided,Man,,2,46,,,,,,,,,,,,,Irish,,3,,,,,,17185
1,1770919572431,12/02/2026 18:06:12,1770919572085,-7,12/02/2026 11:06:12,249979,6,questionnaire-qemh,,52674515,696171405853fc35f15a4872,15132696,,complete,,698e11ad4fdb02083b3ad20e,computer,Desktop or Laptop,Chromium OS 14541.0.0,Chrome 144.0.0.0,1536x864,1536x743,,,,Generic Demographics,3,J_YES,1,consentProvided,Woman,,1,43,"In another way (specify, if you wish).",caucasion,,"In another way (specify, if you wish).",,,,,,,,,British or English or Scottish or Welsh or Northern Irish,,1,,,,,,51020
1,1770919619837,12/02/2026 18:06:59,1770919619705,-5,12/02/2026 13:06:59,249979,6,questionnaire-qemh,,52674544,612962f44f151ddfd0298c52,15132698,,complete,,698e11a1d2c7ea041ac70eed,computer,Desktop or Laptop,Windows 10,Firefox 147.0,1600x900,1600x775,,,,Generic Demographics,3,J_YES,1,consentProvided,Man,,2,65,"In another way (specify, if you wish).",european white,,"In another way (specify, if you wish).",american,,"In another way (specify, if you wish).",white,,,,,British or English or Scottish or Welsh or Northern Irish,,1,,,,,,60309
1,1770919772196,12/02/2026 18:09:32,1770919772639,-8,12/02/2026 10:09:32,249979,6,questionnaire-qemh,,52674652,67dd40b531ab9c33ff61e98e,15132723,,complete,,698e11ccb6e398a40babb95a,computer,Desktop or Laptop,Windows 10,Chrome 140.0.0.0,1920x1080,1920x945,,,,Generic Demographics,3,F_YES,2,consentProvided,Man,,2,34,"In another way (specify, if you wish).",Hispanic,,"In another way (specify, if you wish).",White,,African or African British,,1,White or White British *and* Black Caribbean or Black Caribbean British,,3,British or English or Scottish or Welsh or Northern Irish,,1,,,,,,71085
1,1770921695611,12/02/2026 18:41:35,1770921695929,-8,12/02/2026 10:41:35,249979,6,questionnaire-qemh,,52675953,67e406244bfad9999a051c1e,15132725,,complete,,698e11d2ac1768cf6ffa23e2,computer,Desktop or Laptop,Windows 10,Chrome 140.0.0.0,1920x1080,1920x945,,,,Generic Demographics,3,F_YES,2,consentProvided,Woman,,1,36,Arab or Arab British,,1,Pakistani or Pakistani British,,4,Caribbean or Caribbean British,,2,White or White British *and* Black Caribbean or Black Caribbean British,,3,British or English or Scottish or Welsh or Northern Irish,,1,,,,,,34135
1,1770922157989,12/02/2026 18:49:17,1770922158462,-8,12/02/2026 10:49:18,249979,6,questionnaire-qemh,,52676267,67dd4210d92f4c3aac8d944c,15132726,,complete,,698e12048c689ae4b40d8809,computer,Desktop or Laptop,Windows 10,Chrome 140.0.0.0,1920x1080,1920x945,,,,Generic Demographics,3,J_YES,1,consentProvided,Man,,2,35,"In another way (specify, if you wish).",Black,,"In another way (specify, if you wish).",Black,,African or African British,,1,White or White British *and* Black African or Black African British,,2,British or English or Scottish or Welsh or Northern Irish,,1,,,,,,78353
1,1770919863031,12/02/2026 18:11:03,1770919863491,-8,12/02/2026 10:11:03,249979,6,questionnaire-qemh,,52674727,65055af809999c0ee7cee26d,15132753,,complete,,698e12164b2ebe3991641736,computer,Desktop or Laptop,Linux x86_64,Chrome 144.0.0.0,1692x1056,1691x882,,,,Generic Demographics,3,J_YES,1,consentProvided,Woman,,1,30,,,,Chinese or Chinese British,,2,,,,,,,,,,,,,,,13429
1,1770919766300,12/02/2026 18:09:26,1770919764028,-5,12/02/2026 13:09:24,249979,6,questionnaire-qemh,,52674648,601848135aa9ba08c66cff6a,15132764,,complete,,698e127a494a2226f83cd9ba,computer,Desktop or Laptop,Windows 10,Chrome 144.0.0.0,2560x1440,1107x1251,,,,Generic Demographics,3,J_YES,1,consentProvided,Man,,2,43,,,,,,,African or African British,,1,,,,,,,,,,,,13465
1,1770919744604,12/02/2026 18:09:04,1770919744969,-5,12/02/2026 13:09:04,249979,6,questionnaire-qemh,,52674629,5d23460ad4c57900192b129c,15132769,,complete,,698e128699b7bbebe11a5fa9,computer,Desktop or Laptop,Chromium OS 14092.77.0,Chrome 93.0.4577.107,1366x768,1366x768,,,,Generic Demographics,3,F_YES,2,consentProvided,Woman,,1,38,,,,,,,,,,,,,British or English or Scottish or Welsh or Northern Irish,,1,,,,,,17906
1,1770919655189,12/02/2026 18:07:35,1770919655608,-7,12/02/2026 11:07:35,249979,6,questionnaire-qemh,,52674569,62897d2024f826ea90b7efa1,15132772,,complete,,698e128ae3afbd0280576507,computer,Desktop or Laptop,Windows 10,Edge 144.0.0.0,1536x960,1528x828,,,,Generic Demographics,3,F_YES,2,consentProvided,Woman,,1,72,,,,,,,,,,,,,"In another way (specify, if you wish).",German,,,,,,,30526
1,1770919881102,12/02/2026 18:11:21,1770919880801,-5,12/02/2026 13:11:20,249979,6,questionnaire-qemh,,52674740,655f8b959477c803eb906622,15132814,,complete,,698e1307e469b76215585deb,computer,Desktop or Laptop,Mac OS 10.15.7,Chrome 141.0.0.0,1440x900,1440x900,,,,Generic Demographics,3,J_YES,2,consentProvided,Woman,,1,22,Arab or Arab British,,1,,,,,,,,,,,,,,,,,,12786
1,1770920366508,12/02/2026 18:19:26,1770920366356,-5,12/02/2026 13:19:26,249979,6,questionnaire-qemh,,52675096,60e37439f7c69f9e2d4466eb,15132842,,complete,,698e135e35c7190233221494,computer,Desktop or Laptop,Windows 10,Chrome 144.0.0.0,1366x768,1366x641,,,,Generic Demographics,3,J_YES,1,consentProvided,Woman,,1,62,,,,,,,African or African British,,1,,,,,,,,,,,,44715
1,1770921131763,12/02/2026 18:32:11,1770921131480,-5,12/02/2026 13:32:11,249979,6,questionnaire-qemh,,52675618,63bcf141136313265f65eec9,15132944,,complete,,698e155d0153ce2ac10e9c6a,computer,Desktop or Laptop,Windows 10,Chrome 144.0.0.0,1366x768,1093x614,,,,Generic Demographics,3,J_YES,1,consentProvided,Woman,,1,75,,,,,,,,,,,,,British or English or Scottish or Welsh or Northern Irish,,1,,,,,,33224
1,1770920671592,12/02/2026 18:24:31,1770920670729,-6,12/02/2026 12:24:30,249979,6,questionnaire-qemh,,52675311,67e1da8a432675c0e850e8d1,15132952,,complete,,698e15651585687f59e6c6fb,computer,Desktop or Laptop,Windows 10,Chrome 134.0.0.0,1280x720,1600x689,,,,Generic Demographics,3,F_YES,2,consentProvided,Woman,,1,42,,,,,,,,,,,,,"In another way (specify, if you wish).",White as in American,,,,,,,75341
1,1770922003378,12/02/2026 18:46:43,1770922001864,-8,12/02/2026 10:46:41,249979,6,questionnaire-qemh,,52676182,615e1782e969d4939045c54f,15132986,,complete,,698e158568c8f1a1d0ac7db5,computer,Desktop or Laptop,Windows 10,Chrome 144.0.0.0,2560x1440,768x1245,,,,Generic Demographics,3,J_YES,1,consentProvided,Man,,2,35,,,,,,,African or African British,,1,,,,,,,,,,,,26581
1,1770920640033,12/02/2026 18:24:00,1770920639238,-5,12/02/2026 13:23:59,249979,6,questionnaire-qemh,,52675286,659daa1ed4e13d6428103c1f,15133028,,complete,,698e169d5d7161286f570011,computer,Desktop or Laptop,Windows 10,Chrome 144.0.0.0,1280x720,1280x585,,,,Generic Demographics,3,J_YES,1,consentProvided,Woman,,1,61,,,,Indian or Indian British,,3,,,,,,,,,,,,,,,10258
1,1770922312893,12/02/2026 18:51:52,1770922313432,-5,12/02/2026 13:51:53,249979,6,questionnaire-qemh,,52676373,66ac145b55e2055063cd4079,15133047,,complete,,698e16ce1e6cadcfea3ad29f,computer,Desktop or Laptop,Windows 10,Chrome 144.0.0.0,1366x768,1366x633,,,,Generic Demographics,3,F_YES,2,consentProvided,Man,,2,79,,,,,,,,,,,,,British or English or Scottish or Welsh or Northern Irish,,1,,,,,,37141
1,1770921266940,12/02/2026 18:34:26,1770921267740,-7,12/02/2026 11:34:27,249979,6,questionnaire-qemh,,52675683,5fb9b9c1c62f408e51e09e32,15133058,,complete,,698e175e8f26033e42c5ef7a,computer,Desktop or Laptop,Windows 10,Edge 144.0.0.0,1920x1080,1912x948,,,,Generic Demographics,3,J_YES,2,consentProvided,Woman,,1,72,,,,,,,,,,,,,British or English or Scottish or Welsh or Northern Irish,,1,,,,,,18489
1,1770921358118,12/02/2026 18:35:58,1770921357561,-8,12/02/2026 10:35:57,249979,6,questionnaire-qemh,,52675731,66343f7910c04370761ae595,15133084,,complete,,698e17df17c80273bf3b3790,computer,Desktop or Laptop,Windows 10,Chrome 144.0.0.0,1920x1080,1920x953,,,,Generic Demographics,3,F_YES,2,consentProvided,Man,,2,62,,,,,,,,,,,,,British or English or Scottish or Welsh or Northern Irish,,1,,,,,,22895
1,1770921376222,12/02/2026 18:36:16,1770921375191,-5,12/02/2026 13:36:15,249979,6,questionnaire-qemh,,52675740,66d6584b97d5a0cfa409a09b,15133098,,complete,,698e17e6359da9fae17449e9,computer,Desktop or Laptop,Chromium OS 14541.0.0,Chrome 144.0.0.0,1366x768,1366x599,,,,Generic Demographics,3,F_YES,1,consentProvided,Woman,,1,37,"In another way (specify, if you wish).",American,,,,,,,,,,,"In another way (specify, if you wish).",White,,,,,,,39321
1,1770921276006,12/02/2026 18:34:36,1770921275057,-7,12/02/2026 11:34:35,249979,6,questionnaire-qemh,,52675689,5d4a36e8a61675000169036f,15133100,,complete,,698e1834074f752c58e82ddd,computer,Desktop or Laptop,Chromium OS 14541.0.0,Chrome 142.0.0.0,1536x864,1536x695,,,,Generic Demographics,3,J_YES,1,consentProvided,Woman,,1,41,,,,,,,,,,,,,,,,Prefer not to say,,1,,,48853
1,1770921942872,12/02/2026 18:45:42,1770921942628,-5,12/02/2026 13:45:42,249979,6,questionnaire-qemh,,52676135,682c3f62f2680e9a67130379,15133135,,complete,,698e18b40f595779705be68a,computer,Desktop or Laptop,Windows 10,Chrome 142.0.0.0,1366x768,1280x593,,,,Generic Demographics,3,F_YES,2,consentProvided,Man,,2,33,,,,,,,,,,White or White British *and* Black African or Black African British,,2,British or English or Scottish or Welsh or Northern Irish,,1,,,,,,76375
1,1770921718768,12/02/2026 18:41:58,1770921718484,-6,12/02/2026 12:41:58,249979,6,questionnaire-qemh,,52675970,66e88979d6bb95675bfdd165,15133141,,complete,,698e1840cc755c3dc1f31942,computer,Desktop or Laptop,Windows 10,Edge 144.0.0.0,1920x1080,1664x825,,,,Generic Demographics,3,F_YES,2,consentProvided,Woman,,1,54,,,,,,,,,,,,,British or English or Scottish or Welsh or Northern Irish,,1,,,,,,53556
1,1770922254660,12/02/2026 18:50:54,1770922255514,-8,12/02/2026 10:50:55,249979,6,questionnaire-qemh,,52676344,66c396ad1fd21de8d95c3921,15133246,,complete,,698e1a147c8d2bf21b7dcfb3,computer,Desktop or Laptop,Windows 10,Chrome 144.0.0.0,1536x864,1536x730,,,,Generic Demographics,3,F_YES,2,consentProvided,Man,,2,24,,,,Chinese or Chinese British,,2,,,,,,,,,,,,,,,9467
1,1770921752203,12/02/2026 18:42:32,1770921751707,-8,12/02/2026 10:42:31,249979,6,questionnaire-qemh,,52675994,66afb09765f525abb800e628,15133248,,complete,,698e1b16d321b3d66e565ad8,computer,Desktop or Laptop,Windows 10,Chrome 144.0.0.0,2016x1134,1590x783,,,,Generic Demographics,3,J_YES,2,consentProvided,Man,,2,55,,,,,,,,,,,,,British or English or Scottish or Welsh or Northern Irish,,1,,,,,,12964
1,1770922999121,12/02/2026 19:03:19,1770922999620,-5,12/02/2026 14:03:19,249979,6,questionnaire-qemh,,52676827,5cc5e72ce3c44e0015fdf990,15133265,,complete,,698e1987315233065571198c,computer,Desktop or Laptop,Windows 10,Chrome 144.0.0.0,1920x1080,1920x919,,,,Generic Demographics,3,F_YES,1,consentProvided,Non-binary,,3,31,,,,,,,,,,,,,Irish,,3,,,,,,81433
1,1770921925996,12/02/2026 18:45:25,1770921925781,-6,12/02/2026 12:45:25,249979,6,questionnaire-qemh,,52676126,653822a7bb1fae9976bb28a1,15133266,,complete,,698e1b6b19b1fa8a5aef5b56,computer,Desktop or Laptop,Windows 10,Edge 144.0.0.0,1920x1080,1912x954,,,,Generic Demographics,3,F_YES,1,consentProvided,Woman,,1,54,,,,,,,,,,,,,"In another way (specify, if you wish).",french,,,,,,,32847
1,1770922061978,12/02/2026 18:47:41,1770922061772,-6,12/02/2026 12:47:41,249979,6,questionnaire-qemh,,52676222,674f22af21d6a0d92c657422,15133296,,complete,,698e1c2108f2e06581e24203,computer,Desktop or Laptop,Windows 10,Chrome 144.0.0.0,1920x1080,1920x911,,,,Generic Demographics,3,F_YES,2,consentProvided,Woman,,1,56,,,,,,,,,,,,,Polish,,4,,,,,,18079
1,1770922369003,12/02/2026 18:52:49,1770922368896,-5,12/02/2026 13:52:48,249979,6,questionnaire-qemh,,52676408,5f4a7a00dc1bde60ab8f7ac5,15133304,,complete,,698e1c59bd6666cf84258d90,computer,Desktop or Laptop,Windows 10,Firefox 147.0,1920x1080,1920x955,,,,Generic Demographics,3,J_YES,1,consentProvided,Man,,2,31,,,,Chinese or Chinese British,,2,,,,,,,,,,,,,,,9814
1,1770922890038,12/02/2026 19:01:30,1770922891177,-6,12/02/2026 13:01:31,249979,6,questionnaire-qemh,,52676746,5bd0bb46a1b7c400019fb2ab,15133344,,complete,,698e1d64534d7aaa216e74ce,computer,Desktop or Laptop,Windows 10,Chrome 144.0.0.0,1920x1080,1920x919,,,,Generic Demographics,3,J_YES,2,consentProvided,Man,,2,27,,,,,,,,,,,,,,,,,,,"In another way (specify, if you wish)",italian,52396
1,1770922550564,12/02/2026 18:55:50,1770922550355,-5,12/02/2026 13:55:50,249979,6,questionnaire-qemh,,52676523,664babd04754ce9f840d34ed,15133372,,complete,,698e1ddcdd6cdd9126ad1a27,computer,Desktop or Laptop,Windows 10,Chrome 144.0.0.0,1280x720,1280x585,,,,Generic Demographics,3,F_YES,1,consentProvided,Woman,,1,31,,,,,,,,,,,,,British or English or Scottish or Welsh or Northern Irish,,1,,,,,,28890
1,1770922738171,12/02/2026 18:58:58,1770922737547,-6,12/02/2026 12:58:57,249979,6,questionnaire-qemh,,52676642,663a5d2dd34528e2a1de0e30,15133394,,complete,,698e1dde2e4db16f04514880,computer,Desktop or Laptop,Windows 10,Chrome 145.0.0.0,1920x1080,1920x911,,,,Generic Demographics,3,J_YES,1,consentProvided,Woman,,1,31,,,,,,,,,,,,,British or English or Scottish or Welsh or Northern Irish,,1,Prefer not to say,,1,,,63574
1,1770923107252,12/02/2026 19:05:07,1770923107070,-5,12/02/2026 14:05:07,249979,6,questionnaire-qemh,,52676923,667d81a95170bdd075f74203,15133422,,complete,,698e1f3e98b594e2846ab8b6,computer,Desktop or Laptop,Windows 10,Chrome 144.0.0.0,1366x768,1366x599,,,,Generic Demographics,3,F_YES,2,consentProvided,Woman,,1,49,,,,,,,"In another way (specify, if you wish).",African American ,,,,,,,,,,,,,24204
1,1770922944445,12/02/2026 19:02:24,1770922945410,-5,12/02/2026 14:02:25,249979,6,questionnaire-qemh,,52676776,558b20eefdf99b7dfdbac3c9,15133446,,complete,,698e1fb24ce3622dfbf29fa2,computer,Desktop or Laptop,Windows 10,Edge 144.0.0.0,1536x864,1528x732,,,,Generic Demographics,3,J_YES,1,consentProvided,Woman,,1,65,,,,,,,,,,,,,British or English or Scottish or Welsh or Northern Irish,,1,,,,,,14848
1,1770923060230,12/02/2026 19:04:20,1770923061218,-5,12/02/2026 14:04:21,249979,6,questionnaire-qemh,,52676881,583b397f54686200010f1d20,15133454,,complete,,698e1facd30b8ec1d79ed741,computer,Desktop or Laptop,Windows 10,Chrome 144.0.0.0,1920x1080,1920x991,,,,Generic Demographics,3,J_YES,1,consentProvided,Woman,,1,54,,,,,,,African or African British,,1,,,,,,,,,,,,11455
1,1770923110612,12/02/2026 19:05:10,1770923109687,-5,12/02/2026 14:05:09,249979,6,questionnaire-qemh,,52676932,695be0b6d0888f46984fb1ca,15133469,,complete,,698e203affe6848cd4add606,computer,Desktop or Laptop,Windows 10,Chrome 144.0.0.0,1920x1080,1920x971,,,,Generic Demographics,3,F_YES,1,consentProvided,Woman,,1,20,,,,,,,,,,,,,,,,Prefer not to say,,1,,,84754
1,1770924074584,12/02/2026 19:21:14,1770924074336,-5,12/02/2026 14:21:14,249979,6,questionnaire-qemh,,52677523,67cf0c70aa43b13b6168ecbf,15133490,,complete,,698e208f9f5ed3c36d180a48,computer,Desktop or Laptop,Windows 10,Chrome 124.0.0.0,1280x720,1920x953,,,,Generic Demographics,3,J_YES,2,consentProvided,Woman,,1,34,,,,,,,,,,,,,British or English or Scottish or Welsh or Northern Irish,,1,,,,,,27106
1,1770923448554,12/02/2026 19:10:48,1770923448738,-8,12/02/2026 11:10:48,249979,6,questionnaire-qemh,,52677136,66ecc08c3776b48ca41138ac,15133528,,complete,,698e21908996525c2c6fb062,computer,Desktop or Laptop,Windows 10,Chrome 144.0.0.0,1536x960,1536x826,,,,Generic Demographics,3,J_YES,1,consentProvided,Woman,,1,47,,,,,,,,,,,,,"In another way (specify, if you wish).",,,,,,,,33171
1,1770923482577,12/02/2026 19:11:22,1770923482039,-5,12/02/2026 14:11:22,249979,6,questionnaire-qemh,,52677159,67ad56e3094fe82ba3d60ad2,15133529,,complete,,698e219c7dc83a0efd421399,computer,Desktop or Laptop,Windows 10,Chrome 144.0.0.0,1280x800,1280x665,,,,Generic Demographics,3,F_YES,2,consentProvided,Woman,,1,49,,,,,,,,,,,,,"In another way (specify, if you wish).",,,,,,,,14678
1,1770923938187,12/02/2026 19:18:58,1770923938001,-5,12/02/2026 14:18:58,249979,6,questionnaire-qemh,,52677444,694553e6d56e27176c33daf0,15133547,,complete,,698e21bd3ac87116fc3ba712,computer,Desktop or Laptop,Mac OS 10.15.7,Chrome 144.0.0.0,1280x800,1280x623,,,,Generic Demographics,3,J_YES,2,consentProvided,Woman,,1,29,"In another way (specify, if you wish).",n/a cannot unselect,,,,,,,,White or White British *and* Black African or Black African British,,2,,,,,,,,,50115
1,1770924644327,12/02/2026 19:30:44,1770924620079,-8,12/02/2026 11:30:20,249979,6,questionnaire-qemh,,52677860,6637fddf5464c05b3db40434,15133627,,complete,,698e233caf9e25d0a98ea01c,computer,Desktop or Laptop,Windows 10,Chrome 144.0.0.0,1920x1080,1920x945,,,,Generic Demographics,3,F_YES,1,consentProvided,Man,,2,43,,,,,,,"In another way (specify, if you wish).",Black African American,,,,,,,,,,,,,40541
1,1770924063351,12/02/2026 19:21:03,1770924063268,-5,12/02/2026 14:21:03,249979,6,questionnaire-qemh,,52677517,63039610eb593962736bd104,15133638,,complete,,698e23bcf9c3c2702380f163,computer,Desktop or Laptop,Mac OS 10.15.7,Chrome 144.0.0.0,1440x900,1152x630,,,,Generic Demographics,3,J_YES,1,consentProvided,Woman,,1,44,,,,"In another way (specify, if you wish).",,,,,,"Any other mixed or multiple ethnic backgrounds (specify, if you wish).","Black, Asian, Native American",,,,,,,,,,46662
1,1770924656567,12/02/2026 19:30:56,1770924655812,-5,12/02/2026 14:30:55,249979,6,questionnaire-qemh,,52677870,67a8ef6331f586a361a8ec33,15133719,,complete,,698e254288ae88af1043648c,computer,Desktop or Laptop,Windows 10,Chrome 144.0.0.0,1536x864,1536x742,,,,Generic Demographics,3,J_YES,1,consentProvided,Non-binary,,3,60,,,,,,,,,,,,,Irish,,3,,,,,,46112
1,1770924609965,12/02/2026 19:30:09,1770924609682,-8,12/02/2026 11:30:09,249979,6,questionnaire-qemh,,52677847,62c4dbae8fb1ff9cd93a3150,15133752,,complete,,698e263d533db53d969b4861,computer,Desktop or Laptop,Windows 10,Chrome 144.0.0.0,1280x800,1280x665,,,,Generic Demographics,3,F_YES,2,consentProvided,Man,,2,43,,,,,,,,,,,,,British or English or Scottish or Welsh or Northern Irish,,1,,,,,,13595
1,1770925117453,12/02/2026 19:38:37,1770925119576,-5,12/02/2026 14:38:39,249979,6,questionnaire-qemh,,52678116,608437f0b139060610c9f0c1,15133785,,complete,,698e273a72ebbd3bc4cda7f4,computer,Desktop or Laptop,Windows 10,Edge 144.0.0.0,1536x864,1528x732,,,,Generic Demographics,3,F_YES,2,consentProvided,Woman,,1,73,,,,,,,,,,White or White British *and* Asian or Asian British,,1,,,,,,,,,45781
1,1770925644331,12/02/2026 19:47:24,1770925644929,-5,12/02/2026 14:47:24,249979,6,questionnaire-qemh,,52678395,65c25e3de8b230c294f2b32c,15133881,,complete,,698e2999c7808d36a22fa2db,computer,Desktop or Laptop,Windows 10,Chrome 144.0.0.0,1920x1080,1536x756,,,,Generic Demographics,3,J_YES,1,consentProvided,Woman,,1,53,,,,,,,,,,,,,British or English or Scottish or Welsh or Northern Irish,,1,,,,,,25648
1,1770925960918,12/02/2026 19:52:40,1770925961569,-5,12/02/2026 14:52:41,249979,6,questionnaire-qemh,,52678609,5dceca2541afe801a32e27ac,15133912,,complete,,698e2a379e68ab166ff04e37,computer,Desktop or Laptop,Windows 10,Chrome 144.0.0.0,1920x1080,1920x991,,,,Generic Demographics,3,F_YES,2,consentProvided,Woman,,1,81,,,,,,,African or African British,,1,,,,,,,,,,,,55481
1,1770925778844,12/02/2026 19:49:38,1770925778744,-5,12/02/2026 14:49:38,249979,6,questionnaire-qemh,,52678485,6712acd49ca5448a6e983e6c,15133914,,complete,,698e2a4ef374a4204213cd69,computer,Desktop or Laptop,Windows 10,Chrome 145.0.0.0,1536x864,1260x599,,,,Generic Demographics,3,F_YES,2,consentProvided,Man,,2,50,,,,,,,"In another way (specify, if you wish).",African American,,,,,,,,,,,,,35914
1,1770925994418,12/02/2026 19:53:14,1770926000760,-6,12/02/2026 13:53:20,249979,6,questionnaire-qemh,,52678639,61219fd8387ca59d07e0dc1c,15133915,,complete,,698e2a50c2c33e4bec4d3cc8,computer,Desktop or Laptop,Windows 10,Chrome 144.0.0.0,1366x768,1366x607,,,,Generic Demographics,3,J_YES,2,consentProvided,Woman,,1,57,,,,,,,,,,,,,British or English or Scottish or Welsh or Northern Irish,,1,,,,,,40391
1,1770925784867,12/02/2026 19:49:44,1770925784790,-6,12/02/2026 13:49:44,249979,6,questionnaire-qemh,,52678489,671846c76953b192c9269992,15133920,,complete,,698e2a64cc010d2cc333f9d7,computer,Desktop or Laptop,Windows 10,Chrome 144.0.0.0,1440x960,1152x666,,,,Generic Demographics,3,J_YES,1,consentProvided,Woman,,1,36,,,,,,,,,,,,,British or English or Scottish or Welsh or Northern Irish,,1,,,,,,28206
1,1770925898035,12/02/2026 19:51:38,1770925895291,-8,12/02/2026 11:51:35,249979,6,questionnaire-qemh,,52678571,662c299e6db88649ff13ccae,15133923,,complete,,698e2a6e1ca7b18be2b61202,computer,Desktop or Laptop,Windows 10,Chrome 144.0.0.0,1366x768,1707x791,,,,Generic Demographics,3,F_YES,1,consentProvided,Woman,,1,57,,,,,,,,,,,,,Irish,,3,,,,,,23299
1,1770925663403,12/02/2026 19:47:43,1770925664105,-6,12/02/2026 13:47:44,249979,6,questionnaire-qemh,,52678409,5d88db42c1d06e001a1fdcab,15133926,,complete,,698e2a66390ebd546739f213,computer,Desktop or Laptop,Windows 10,Chrome 142.0.0.0,1707x960,1707x825,,,,Generic Demographics,3,J_YES,2,consentProvided,Woman,,1,51,,,,,,,,,,,,,British or English or Scottish or Welsh or Northern Irish,,1,,,,,,25599
1,1770925780915,12/02/2026 19:49:40,1770925777971,-5,12/02/2026 14:49:37,249979,6,questionnaire-qemh,,52678486,66c25b043e60bfc5a90e90fb,15133927,,complete,,698e2a69533db53d969b48db,computer,Desktop or Laptop,Windows 10,Chrome 145.0.0.0,1536x864,1536x730,,,,Generic Demographics,3,F_YES,1,consentProvided,Man,,2,28,,,,,,,,,,,,,British or English or Scottish or Welsh or Northern Irish,,1,,,,,,15665
1,1770926820030,12/02/2026 20:07:00,1770926819434,-8,12/02/2026 12:06:59,249979,6,questionnaire-qemh,,52679124,6784cd4c648d7fe55ab2ff24,15133931,,complete,,698e2a56ad5cff59ff3364ed,computer,Desktop or Laptop,Windows 10,Chrome 131.0.0.0,1280x720,1600x732,,,,Generic Demographics,3,J_YES,1,consentProvided,Man,,2,64,,,,,,,,,,,,,British or English or Scottish or Welsh or Northern Irish,,1,,,,,,47916
1,1770925977121,12/02/2026 19:52:57,1770925976114,-8,12/02/2026 11:52:56,249979,6,questionnaire-qemh,,52678625,665e680164927b18554b66ec,15133985,,complete,,698e2a6cc4b02aaeba97729c,computer,Desktop or Laptop,Windows 10,Chrome 144.0.0.0,1920x1080,1920x945,,,,Generic Demographics,3,F_YES,2,consentProvided,Man,,2,54,,,,,,,,,,,,,British or English or Scottish or Welsh or Northern Irish,,1,,,,,,57776
1,1770927316269,12/02/2026 20:15:16,1770927314570,-5,12/02/2026 15:15:14,249979,6,questionnaire-qemh,,52679382,5a50f10eeedc32000141fccd,15133987,,complete,,698e2ad6b26e06818f3faf76,computer,Desktop or Laptop,Chromium OS 14541.0.0,Chrome 137.0.0.0,1366x768,1366x681,,,,Generic Demographics,3,F_YES,1,consentProvided,Woman,,1,55,,,,,,,,,,,,,British or English or Scottish or Welsh or Northern Irish,,1,,,,,,69398
1,1770926757179,12/02/2026 20:05:57,1770926757092,-5,12/02/2026 15:05:57,249979,6,questionnaire-qemh,,52679084,66ad3561c1e5c019916365fb,15134019,,complete,,698e2a6534a04e56aa3612b2,computer,Desktop or Laptop,Ubuntu undefined,Firefox 147.0,1440x900,1440x783,,,,Generic Demographics,3,J_YES,2,consentProvided,Man,,2,51,,,,,,,African or African British,,1,,,,,,,,,,,,12134
1,1770927161610,12/02/2026 20:12:41,1770927161644,-8,12/02/2026 12:12:41,249979,6,questionnaire-qemh,,52679305,6636db94fa3ed150c2d78447,15134180,,complete,,698e301e7aa008c2cdbd247d,computer,Desktop or Laptop,Windows 10,Chrome 144.0.0.0,2250x1500,2250x1331,,,,Generic Demographics,3,F_YES,1,consentProvided,Man,,2,27,Arab or Arab British,,1,,,,,,,White or White British *and* Asian or Asian British,,1,,,,,,,,,68140
END OF FILE,,,,,,,,,,,,,,,,,,,,,,,,,,,,,,,,,,,,,,,,,,,,,,,,,,,,,,,
