"","X","display","randomise_blocks","randomise_trials","ANSWER","animation","responseQuestion","Dilemma","DilemmaByContext","Prohibited.act","PDE","PDE.SE_notME","PDE.GE.BE","PDE.noBA","MG.Permissible","TVideo_1","Agent","Context","PBH"
"1",1,"experimentInstructions",NA,NA,NA,NA,NA,NA,NA,NA,NA,NA,NA,NA,NA,NA,NA,NA,NA
"2",2,"Trial",NA,1,NA,"Bystander_Trolley_newtimings.mp4","<h3> <p style=""text-align: center;""> Is it morally permissible for the agent to throw the switch?","bystander","bystander","Yes","Yes","Yes","Yes","Yes","Yes","Bystander_Trolley_newtimings.mp4","Human","trolley","Yes"
"3",3,"Trial",NA,1,NA,"Footbridge_Trolley_newtimings.mp4","<h3> <p style=""text-align: center;""> Is it morally permissible for the agent to throw the man?","footbridge","footbridge","Yes","No","No","Yes","Yes","No","Footbridge_Trolley_newtimings.mp4","Human","trolley","Yes"
"4",4,"Trial",NA,1,NA,"ExpensiveEquipment_Trolley_newtimings.mp4","<h3> <p style=""text-align: center;""> Is it morally permissible for the agent to throw the switch?","expensive equipment","expensive equipment","Yes","No","Yes","No","No","No","ExpensiveEquipment_Trolley_newtimings.mp4","Human","trolley","Yes"
"5",5,"Trial",NA,1,NA,"ImpliedConsent_Trolley_newtimings.mp4","<h3> <p style=""text-align: center;""> Is it morally permissible for the agent to throw the man?","implied consent","implied consent","Yes","Yes","Yes","Yes","Yes","Yes","ImpliedConsent_Trolley_newtimings.mp4","Human","trolley","Yes"
"6",6,"Trial",NA,1,NA,"IntentionalHomicide_Trolley_newtimings.mp4","<h3> <p style=""text-align: center;""> Is it morally permissible for the agent to throw the switch?","intentional homicide","intentional homicide","Yes","No","No","Yes","Yes","No","IntentionalHomicide_Trolley_newtimings.mp4","Human","trolley","Yes"
"7",7,"Trial",NA,1,NA,"LoopTrack_Trolley_newtimings.mp4","<h3> <p style=""text-align: center;""> Is it morally permissible for the agent to throw the switch?","loop","loop","Yes","No","No","Yes","Yes","No","LoopTrack_Trolley_newtimings.mp4","Human","trolley","Yes"
"8",8,"Trial",NA,1,NA,"ManInFront_Trolley_newtimings.mp4","<h3> <p style=""text-align: center;""> Is it morally permissible for the agent to throw the switch?","man-in-front","man-in-front","Yes","Yes","Yes","Yes","Yes","Yes","ManInFront_Trolley_newtimings.mp4","Human","trolley","Yes"
"9",9,"Trial",NA,1,NA,"CostlessRescue_Trolley_newtimings.mp4","<h3> <p style=""text-align: center;""> Is it morally permissible for the agent to throw the switch?","costless rescue","costless rescue","No","Yes","Yes","Yes","Yes","Yes","CostlessRescue_Trolley_newtimings.mp4","Human","trolley","No"
"10",10,"Trial",NA,1,NA,"BetterAlternative_Trolley_newtimings.mp4","<h3> <p style=""text-align: center;""> Is it morally permissible for the agent to throw the switch?","better alternative","better alternative","Yes","No","Yes","Yes","No","No","BetterAlternative_Trolley_newtimings.mp4","Human","trolley","Yes"
"11",11,"Trial",NA,1,NA,"DisproportionalDeath_Trolley_newtimings.mp4","<h3> <p style=""text-align: center;""> Is it morally permissible for the agent to throw the switch?","disproportionate death","disproportionate death","Yes","No","Yes","No","No","No","DisproportionalDeath_Trolley_newtimings.mp4","Human","trolley","Yes"
"12",12,"Trial",NA,1,NA,"DropMan_Trolley_newtimings.mp4","<h3> <p style=""text-align: center;""> Is it morally permissible for the agent to throw the switch?","drop man","drop man","Yes","No","No","Yes","Yes","No","DropMan_Trolley_newtimings.mp4","Human","trolley","Yes"
"13",13,"Trial",NA,1,NA,"CollapseBridge_Trolley_newtimings.mp4","<h3> <p style=""text-align: center;""> Is it morally permissible for the agent to throw the switch?","collapse bridge","collapse bridge","Yes","Yes","Yes","Yes","Yes","Yes","CollapseBridge_Trolley_newtimings.mp4","Human","trolley","Yes"
"14",14,"Trial",NA,1,NA,"Bystander_Crane_newtimings.mp4","<h3> <p style=""text-align: center;""> Is it morally permissible for the agent to press the button?","bystander","bystanderCrane","Yes","Yes","Yes","Yes","Yes","Yes","Bystander_Crane_newtimings.mp4","Human","crane","Yes"
"15",15,"Trial",NA,1,NA,"Footbridge_Crane_newtimings.mp4","<h3> <p style=""text-align: center;""> Is it morally permissible for the agent to throw the man?","footbridge","footbridgeCrane","Yes","No","No","Yes","Yes","No","Footbridge_Crane_newtimings.mp4","Human","crane","Yes"
"16",16,"Trial",NA,1,NA,"ExpensiveEquipment_Crane_newtimings.mp4","<h3> <p style=""text-align: center;""> Is it morally permissible for the agent to press the button?","expensive equipment","expensive equipmentCrane","Yes","No","Yes","No","No","No","ExpensiveEquipment_Crane_newtimings.mp4","Human","crane","Yes"
"17",17,"Trial",NA,1,NA,"Implied_Consent_Crane_newtimings.mp4","<h3> <p style=""text-align: center;""> Is it morally permissible for the agent to throw the man?","implied consent","implied consentCrane","Yes","Yes","Yes","Yes","Yes","Yes","Implied_Consent_Crane_newtimings.mp4","Human","crane","Yes"
"18",18,"Trial",NA,1,NA,"IntentionalHomicide_Crane_newtimings.mp4","<h3> <p style=""text-align: center;""> Is it morally permissible for the agent to press the button?","intentional homicide","intentional homicideCrane","Yes","No","No","Yes","Yes","No","IntentionalHomicide_Crane_newtimings.mp4","Human","crane","Yes"
"19",19,"Trial",NA,1,NA,"LoopTrack_Crane_newtimings.mp4","<h3> <p style=""text-align: center;""> Is it morally permissible for the agent to press the button?","loop","loopCrane","Yes","No","No","Yes","Yes","No","LoopTrack_Crane_newtimings.mp4","Human","crane","Yes"
"20",20,"Trial",NA,1,NA,"ManInFront_Crane_newtimings.mp4","<h3> <p style=""text-align: center;""> Is it morally permissible for the agent to press the button?","man-in-front","man-in-frontCrane","Yes","Yes","Yes","Yes","Yes","Yes","ManInFront_Crane_newtimings.mp4","Human","crane","Yes"
"21",21,"Trial",NA,1,NA,"CostlessRescue_Crane_newtimings.mp4","<h3> <p style=""text-align: center;""> Is it morally permissible for the agent to press the button?","costless rescue","costless rescueCrane","No","Yes","Yes","Yes","Yes","Yes","CostlessRescue_Crane_newtimings.mp4","Human","crane","No"
"22",22,"Trial",NA,1,NA,"BetterAlternative_Crane_newtimings.mp4","<h3> <p style=""text-align: center;""> Is it morally permissible for the agent to press the button?","better alternative","better alternativeCrane","Yes","No","Yes","Yes","No","No","BetterAlternative_Crane_newtimings.mp4","Human","crane","Yes"
"23",23,"Trial",NA,1,NA,"DisproportionalDeath_Crane_newtimings.mp4","<h3> <p style=""text-align: center;""> Is it morally permissible for the agent to press the button?","disproportionate death","disproportionate deathCrane","Yes","No","Yes","No","No","No","DisproportionalDeath_Crane_newtimings.mp4","Human","crane","Yes"
"24",24,"Trial",NA,1,NA,"DropMan_Crane_newtimings.mp4","<h3> <p style=""text-align: center;""> Is it morally permissible for the agent to press the button?","drop man","drop manCrane","Yes","No","No","Yes","Yes","No","DropMan_Crane_newtimings.mp4","Human","crane","Yes"
"25",25,"Trial",NA,1,NA,"CollapseBridge_Crane_newtimings.mp4","<h3> <p style=""text-align: center;""> Is it morally permissible for the agent to press the button?","collapse bridge","collapse bridgeCrane","Yes","Yes","Yes","Yes","Yes","Yes","CollapseBridge_Crane_newtimings.mp4","Human","crane","Yes"
"26",26,"Trial",NA,1,NA,"Bystander_PHO_Trolley_newtimings.mp4","<h3> <p style=""text-align: center;""> Is it morally permissible for the agent to throw the switch?","BystanderPHO","BystanderPHO","Yes","No","Yes","Yes","Yes","No","Bystander_PHO_Trolley_newtimings.mp4","Human","trolley","Yes"
"27",27,"Trial",NA,1,NA,"Bystander_PHA&O_Trolley_newtimings.mp4","<h3> <p style=""text-align: center;""> Is it morally permissible for the agent to throw the switch?","BystanderPHA&O","BystanderPHA&O","Yes","No","No","Yes","Yes","No","Bystander_PHA&O_Trolley_newtimings.mp4","Human","trolley","Yes"
"28",28,"Trial",NA,1,NA,"Footbridge_PHA_Trolley_newtimings.mp4","<h3> <p style=""text-align: center;""> Is it morally permissible for the agent to throw the man?","FootbridgePHA","FootbridgePHA","Yes","No","No","Yes","Yes","No","Footbridge_PHA_Trolley_newtimings.mp4","Human","trolley","Yes"
"29",29,"Trial",NA,1,NA,"Footbridge_PHO_Trolley_newtimings.mp4","<h3> <p style=""text-align: center;""> Is it morally permissible for the agent to throw the man?","FootbridgePHO","FootbridgePHO","Yes","No","Yes","Yes","Yes","No","Footbridge_PHO_Trolley_newtimings.mp4","Human","trolley","Yes"
"30",30,"Trial",NA,1,NA,"Footbridge_PHA&O_Trolley_newtimings.mp4","<h3> <p style=""text-align: center;""> Is it morally permissible for the agent to throw the man?","FootbridgePHA&O","FootbridgePHA&O","Yes","No","No","Yes","Yes","No","Footbridge_PHA&O_Trolley_newtimings.mp4","Human","trolley","Yes"
"31",31,"Trial",NA,1,NA,"ExpensiveRescue_Trolley_newtimings.mp4","<h3> <p style=""text-align: center;""> Is it morally permissible for the agent to throw the switch?","ExpensiveRescue","ExpensiveRescue","No","Yes","Yes","Yes","Yes","Yes","ExpensiveRescue_Trolley_newtimings.mp4","Human","trolley","No"
"32",32,"Trial",NA,1,NA,"InexpensiveRescue_Trolley_newtimings.mp4","<h3> <p style=""text-align: center;""> Is it morally permissible for the agent to throw the switch?","InexpensiveRescue","InexpensiveRescue","No","Yes","Yes","Yes","Yes","Yes","InexpensiveRescue_Trolley_newtimings.mp4","Human","trolley","No"
"33",33,"Trial",NA,1,NA,"SubstitutedConsent_Trolley_newtimings.mp4","<h3> <p style=""text-align: center;""> Is it morally permissible for the agent to throw the man?","SubstitutedConsent","SubstitutedConsent","Yes","Yes","No","Yes","Yes","Yes","SubstitutedConsent_Trolley_newtimings.mp4","Human","trolley","Yes"
"34",34,"Trial",NA,1,NA,"HypotheticalConsent_Trolley_newtimings.mp4","<h3> <p style=""text-align: center;""> Is it morally permissible for the agent to throw the man?","HypotheticalConsent","HypotheticalConsent","No","No","No","Yes","Yes","Yes","HypotheticalConsent_Trolley_newtimings.mp4","Human","trolley","No"
"35",35,"Trial",NA,1,NA,"SuicidalRescue_Trolley_newtimings.mp4","<h3> <p style=""text-align: center;""> Is it morally permissible for the agent to throw himself?","SuicidalRescue","SuicidalRescue","Yes","Yes","Yes","Yes","Yes","Yes","SuicidalRescue_Trolley_newtimings.mp4","Human","trolley","Yes"
"36",36,"Trial",NA,1,NA,"EfficientRisk_Trolley_newtimings.mp4","<h3> <p style=""text-align: center;""> Is it morally permissible for the agent to throw the switch?","EfficientRisk","EfficientRisk","No","Yes","Yes","Yes","Yes","Yes","EfficientRisk_Trolley_newtimings.mp4","Human","trolley","No"
"37",37,"Trial",NA,1,NA,"InefficientRisk_Trolley_newtimings.mp4","<h3> <p style=""text-align: center;""> Is it morally permissible for the agent to throw the switch?","InefficientRisk","InefficientRisk","No","No","Yes","No","Yes","No","InefficientRisk_Trolley_newtimings.mp4","Human","trolley","No"
"38",38,"Trial",NA,1,NA,"DropEquipment_Trolley_newtimings.mp4","<h3> <p style=""text-align: center;""> Is it morally permissible for the agent to throw the switch?","DropEquipment","DropEquipment","No","No","No","Yes","Yes","Yes","DropEquipment_Trolley_newtimings.mp4","Human","trolley","No"
"39",39,"Trial",NA,1,NA,"ExpensiveCollapse_Trolley_newtimings.mp4","<h3> <p style=""text-align: center;""> Is it morally permissible for the agent to throw the switch?","ExpensiveCollapse","ExpensiveCollapse","No","Yes","Yes","Yes","Yes","Yes","ExpensiveCollapse_Trolley_newtimings.mp4","Human","trolley","No"
"40",40,"Trial",NA,1,NA,"Bystander_PHO_Crane_newtimings.mp4","<h3> <p style=""text-align: center;""> Is it morally permissible for the agent to press the button?","BystanderPHO","BystanderPHOCrane","Yes","No","Yes","Yes","Yes","No","Bystander_PHO_Crane_newtimings.mp4","Human","crane","Yes"
"41",41,"Trial",NA,1,NA,"Bystander_PHA&O_Crane_newtimings.mp4","<h3> <p style=""text-align: center;""> Is it morally permissible for the agent to press the button?","BystanderPHA&O","BystanderPHA&OCrane","Yes","No","No","Yes","Yes","No","Bystander_PHA&O_Crane_newtimings.mp4","Human","crane","Yes"
"42",42,"Trial",NA,1,NA,"Footbridge_PHA_Crane_newtimings.mp4","<h3> <p style=""text-align: center;""> Is it morally permissible for the agent to throw the man?","FootbridgePHA","FootbridgePHACrane","Yes","No","No","Yes","Yes","No","Footbridge_PHA_Crane_newtimings.mp4","Human","crane","Yes"
"43",43,"Trial",NA,1,NA,"Footbridge_PHO_Crane_newtimings.mp4","<h3> <p style=""text-align: center;""> Is it morally permissible for the agent to throw the man?","FootbridgePHO","FootbridgePHOCrane","Yes","No","Yes","Yes","Yes","No","Footbridge_PHO_Crane_newtimings.mp4","Human","crane","Yes"
"44",44,"Trial",NA,1,NA,"Footbridge_PHA&O_Crane_newtimings.mp4","<h3> <p style=""text-align: center;""> Is it morally permissible for the agent to throw the man?","FootbridgePHA&O","FootbridgePHA&OCrane","Yes","No","No","Yes","Yes","No","Footbridge_PHA&O_Crane_newtimings.mp4","Human","crane","Yes"
"45",45,"Trial",NA,1,NA,"ExpensiveRescue_Crane_newtimings.mp4","<h3> <p style=""text-align: center;""> Is it morally permissible for the agent to press the button?","ExpensiveRescue","ExpensiveRescueCrane","No","Yes","Yes","Yes","Yes","Yes","ExpensiveRescue_Crane_newtimings.mp4","Human","crane","No"
"46",46,"Trial",NA,1,NA,"InexpensiveRescue_Crane_newtimings.mp4","<h3> <p style=""text-align: center;""> Is it morally permissible for the agent to press the button?","InexpensiveRescue","InexpensiveRescueCrane","No","Yes","Yes","Yes","Yes","Yes","InexpensiveRescue_Crane_newtimings.mp4","Human","crane","No"
"47",47,"Trial",NA,1,NA,"SubstitutedConsent_Crane_newtimings.mp4","<h3> <p style=""text-align: center;""> Is it morally permissible for the agent to throw the man?","SubstitutedConsent","SubstitutedConsentCrane","Yes","Yes","No","Yes","Yes","Yes","SubstitutedConsent_Crane_newtimings.mp4","Human","crane","Yes"
"48",48,"Trial",NA,1,NA,"HypotheticalConsent_Crane_newtimings.mp4","<h3> <p style=""text-align: center;""> Is it morally permissible for the agent to throw the man?","HypotheticalConsent","HypotheticalConsentCrane","No","No","No","Yes","Yes","Yes","HypotheticalConsent_Crane_newtimings.mp4","Human","crane","No"
"49",49,"Trial",NA,1,NA,"SuicidalRescue_Crane_newtimings.mp4","<h3> <p style=""text-align: center;""> Is it morally permissible for the agent to throw himself?","SuicidalRescue","SuicidalRescueCrane","Yes","Yes","Yes","Yes","Yes","Yes","SuicidalRescue_Crane_newtimings.mp4","Human","crane","Yes"
"50",50,"Trial",NA,1,NA,"EfficientRisk_Crane_newtimings.mp4","<h3> <p style=""text-align: center;""> Is it morally permissible for the agent to press the button?","EfficientRisk","EfficientRiskCrane","No","Yes","Yes","Yes","Yes","Yes","EfficientRisk_Crane_newtimings.mp4","Human","crane","No"
"51",51,"Trial",NA,1,NA,"InefficientRisk_Crane_newtimings.mp4","<h3> <p style=""text-align: center;""> Is it morally permissible for the agent to press the button?","InefficientRisk","InefficientRiskCrane","No","No","Yes","No","Yes","No","InefficientRisk_Crane_newtimings.mp4","Human","crane","No"
"52",52,"Trial",NA,1,NA,"DropEquipment_Crane_newtimings.mp4","<h3> <p style=""text-align: center;""> Is it morally permissible for the agent to press the button?","DropEquipment","DropEquipmentCrane","No","No","No","Yes","Yes","Yes","DropEquipment_Crane_newtimings.mp4","Human","crane","No"
"53",53,"Trial",NA,1,NA,"ExpensiveCollapse_Crane_newtimings.mp4","<h3> <p style=""text-align: center;""> Is it morally permissible for the agent to press the button?","ExpensiveCollapse","ExpensiveCollapseCrane","No","Yes","Yes","Yes","Yes","Yes","ExpensiveCollapse_Crane_newtimings.mp4","Human","crane","No"
"54",54,"Trial",NA,1,NA,"BetterAlternative_DisproportionateCost_Trolley_newtimings.mp4","<h3> <p style=""text-align: center;""> Is it morally permissible for the agent to throw the switch?","BetterAlternative_DisproportionateCost_","BetterAlternative_DisproportionateCost_Trolley","Yes","No","Yes","No","No","No","BetterAlternative_DisproportionateCost_Trolley_newtimings.mp4","Human","trolley","Yes"
"55",55,"Trial",NA,1,NA,"Footbridge_Equipment_Save_Trolley_newtimings.mp4","<h3> <p style=""text-align: center;""> Is it morally permissible for the agent to throw the man?","Footbridge_Equipment_Save_","Footbridge_Equipment_Save_Trolley","Yes","No","Yes","No","Yes","No","Footbridge_Equipment_Save_Trolley_newtimings.mp4","Human","trolley","Yes"
"56",56,"Trial",NA,1,NA,"Unprohibited_BetterAlternative_Equipment_Intended_DisproportionateCost_Trolley_newtimings.mp4","<h3> <p style=""text-align: center;""> Is it morally permissible for the agent to throw the switch?","Unprohibited_BetterAlternative_Equipment_Intended_DisproportionateCost_","Unprohibited_BetterAlternative_Equipment_Intended_DisproportionateCost_Trolley","No","No","No","No","No","Yes","Unprohibited_BetterAlternative_Equipment_Intended_DisproportionateCost_Trolley_newtimings.mp4","Human","trolley","No"
"57",57,"Trial",NA,1,NA,"Unprohibted_BetterAlternative_DisproportionateCost_Trolley_newtimings.mp4","<h3> <p style=""text-align: center;""> Is it morally permissible for the agent to throw the switch?","Unprohibted_BetterAlternative_DisproportionateCost_","Unprohibted_BetterAlternative_DisproportionateCost_Trolley","No","No","Yes","No","No","Yes","Unprohibted_BetterAlternative_DisproportionateCost_Trolley_newtimings.mp4","Human","trolley","No"
"58",58,"Trial",NA,1,NA,"Unprohibited_BetterAlternative_Equipment_Intended_Trolley_newtimings.mp4","<h3> <p style=""text-align: center;""> Is it morally permissible for the agent to throw the switch?","Unprohibted_BetterAlternative_Equipment_Intended_","Unprohibted_BetterAlternative_Equipment_Intended_Trolley","No","No","No","Yes","No","Yes","Unprohibited_BetterAlternative_Equipment_Intended_Trolley_newtimings.mp4","Human","trolley","No"
"59",59,"Trial",NA,1,NA,"Unprohibted_BetterAlternative_Trolley_newtimings.mp4","<h3> <p style=""text-align: center;""> Is it morally permissible for the agent to throw the switch?","Unprohibted_BetterAlternative_","Unprohibted_BetterAlternative_Trolley","No","No","Yes","Yes","No","Yes","Unprohibted_BetterAlternative_Trolley_newtimings.mp4","Human","trolley","No"
"60",60,"Trial",NA,1,NA,"BetterAlternative_DisproportionateCost_Crane_newtimings.mp4","<h3> <p style=""text-align: center;""> Is it morally permissible for the agent to press the button?","BetterAlternative_DisproportionateCost_","BetterAlternative_DisproportionateCost_Crane","Yes","No","Yes","No","No","No","BetterAlternative_DisproportionateCost_Crane_newtimings.mp4","Human","crane","Yes"
"61",61,"Trial",NA,1,NA,"Footbridge_Equipment_Save_Crane_newtimings.mp4","<h3> <p style=""text-align: center;""> Is it morally permissible for the agent to throw the man?","Footbridge_Equipment_Save_","Footbridge_Equipment_Save_Crane","Yes","No","Yes","No","Yes","No","Footbridge_Equipment_Save_Crane_newtimings.mp4","Human","crane","Yes"
"62",62,"Trial",NA,1,NA,"Unprohibited_BetterAlternative_Equipment_Intended_DisproportionateCost_Crane_newtimings.mp4","<h3> <p style=""text-align: center;""> Is it morally permissible for the agent to press the button?","Unprohibited_BetterAlternative_Equipment_Intended_DisproportionateCost_","Unprohibited_BetterAlternative_Equipment_Intended_DisproportionateCost_Crane","No","No","No","No","No","Yes","Unprohibited_BetterAlternative_Equipment_Intended_DisproportionateCost_Crane_newtimings.mp4","Human","crane","No"
"63",63,"Trial",NA,1,NA,"Unprohibted_BetterAlternative_DisproportionateCost_Crane_newtimings.mp4","<h3> <p style=""text-align: center;""> Is it morally permissible for the agent to press the button?","Unprohibted_BetterAlternative_DisproportionateCost_","Unprohibted_BetterAlternative_DisproportionateCost_Crane","No","No","Yes","No","No","Yes","Unprohibted_BetterAlternative_DisproportionateCost_Crane_newtimings.mp4","Human","crane","No"
"64",64,"Trial",NA,1,NA,"Unprohibted_BetterAlternative_Equipment_Intended_Crane_newtimings.mp4","<h3> <p style=""text-align: center;""> Is it morally permissible for the agent to press the button?","Unprohibted_BetterAlternative_Equipment_Intended_","Unprohibted_BetterAlternative_Equipment_Intended_Crane","No","No","No","Yes","No","Yes","Unprohibted_BetterAlternative_Equipment_Intended_Crane_newtimings.mp4","Human","crane","No"
"65",65,"Trial",NA,1,NA,"Unprohibted_BetterAlternative_Crane_newtimings.mp4","<h3> <p style=""text-align: center;""> Is it morally permissible for the agent to press the button?","Unprohibted_BetterAlternative_","Unprohibted_BetterAlternative_Crane","No","No","Yes","Yes","No","Yes","Unprohibted_BetterAlternative_Crane_newtimings.mp4","Human","crane","No"
"66",66,"Trial",NA,1,NA,"Bystander_Trolley_AI.mp4","<h3> <p style=""text-align: center;""> Is it morally permissible for the agent to throw the switch?","bystander","bystander","Yes","Yes","Yes","Yes","Yes","Yes","Bystander_Trolley_AI.mp4","AI","trolley","Yes"
"67",67,"Trial",NA,1,NA,"Footbridge_Trolley_AI.mp4","<h3> <p style=""text-align: center;""> Is it morally permissible for the agent to throw the man?","footbridge","footbridge","Yes","No","No","Yes","Yes","No","Footbridge_Trolley_AI.mp4","AI","trolley","Yes"
"68",68,"Trial",NA,1,NA,"ExpensiveEquipment_Trolley_AI.mp4","<h3> <p style=""text-align: center;""> Is it morally permissible for the agent to throw the switch?","expensive equipment","expensive equipment","Yes","No","Yes","No","No","No","ExpensiveEquipment_Trolley_AI.mp4","AI","trolley","Yes"
"69",69,"Trial",NA,1,NA,"ImpliedConsent_Trolley_AI.mp4","<h3> <p style=""text-align: center;""> Is it morally permissible for the agent to throw the man?","implied consent","implied consent","Yes","Yes","Yes","Yes","Yes","Yes","ImpliedConsent_Trolley_AI.mp4","AI","trolley","Yes"
"70",70,"Trial",NA,1,NA,"IntentionalHomicide_Trolley_AI.mp4","<h3> <p style=""text-align: center;""> Is it morally permissible for the agent to throw the switch?","intentional homicide","intentional homicide","Yes","No","No","Yes","Yes","No","IntentionalHomicide_Trolley_AI.mp4","AI","trolley","Yes"
"71",71,"Trial",NA,1,NA,"LoopTrack_Trolley_AI.mp4","<h3> <p style=""text-align: center;""> Is it morally permissible for the agent to throw the switch?","loop","loop","Yes","No","No","Yes","Yes","No","LoopTrack_Trolley_AI.mp4","AI","trolley","Yes"
"72",72,"Trial",NA,1,NA,"ManInFront_Trolley_AI.mp4","<h3> <p style=""text-align: center;""> Is it morally permissible for the agent to throw the switch?","man-in-front","man-in-front","Yes","Yes","Yes","Yes","Yes","Yes","ManInFront_Trolley_AI.mp4","AI","trolley","Yes"
"73",73,"Trial",NA,1,NA,"CostlessRescue_Trolley_AI.mp4","<h3> <p style=""text-align: center;""> Is it morally permissible for the agent to throw the switch?","costless rescue","costless rescue","No","Yes","Yes","Yes","Yes","Yes","CostlessRescue_Trolley_AI.mp4","AI","trolley","No"
"74",74,"Trial",NA,1,NA,"BetterAlternative_Trolley_AI.mp4","<h3> <p style=""text-align: center;""> Is it morally permissible for the agent to throw the switch?","better alternative","better alternative","Yes","No","Yes","Yes","No","No","BetterAlternative_Trolley_AI.mp4","AI","trolley","Yes"
"75",75,"Trial",NA,1,NA,"DisproportionalDeath_Trolley_AI.mp4","<h3> <p style=""text-align: center;""> Is it morally permissible for the agent to throw the switch?","disproportionate death","disproportionate death","Yes","No","Yes","No","No","No","DisproportionalDeath_Trolley_AI.mp4","AI","trolley","Yes"
"76",76,"Trial",NA,1,NA,"DropMan_Trolley_AI.mp4","<h3> <p style=""text-align: center;""> Is it morally permissible for the agent to throw the switch?","drop man","drop man","Yes","No","No","Yes","Yes","No","DropMan_Trolley_AI.mp4","AI","trolley","Yes"
"77",77,"Trial",NA,1,NA,"CollapseBridge_Trolley_AI.mp4","<h3> <p style=""text-align: center;""> Is it morally permissible for the agent to throw the switch?","collapse bridge","collapse bridge","Yes","Yes","Yes","Yes","Yes","Yes","CollapseBridge_Trolley_AI.mp4","AI","trolley","Yes"
"78",78,"Trial",NA,1,NA,"Bystander_Crane_AI.mp4","<h3> <p style=""text-align: center;""> Is it morally permissible for the agent to press the button?","bystander","bystanderCrane","Yes","Yes","Yes","Yes","Yes","Yes","Bystander_Crane_AI.mp4","AI","crane","Yes"
"79",79,"Trial",NA,1,NA,"Footbridge_Crane_AI.mp4","<h3> <p style=""text-align: center;""> Is it morally permissible for the agent to throw the man?","footbridge","footbridgeCrane","Yes","No","No","Yes","Yes","No","Footbridge_Crane_AI.mp4","AI","crane","Yes"
"80",80,"Trial",NA,1,NA,"ExpensiveEquipment_Crane_AI.mp4","<h3> <p style=""text-align: center;""> Is it morally permissible for the agent to press the button?","expensive equipment","expensive equipmentCrane","Yes","No","Yes","No","No","No","ExpensiveEquipment_Crane_AI.mp4","AI","crane","Yes"
"81",81,"Trial",NA,1,NA,"Implied_Consent_Crane_AI.mp4","<h3> <p style=""text-align: center;""> Is it morally permissible for the agent to throw the man?","implied consent","implied consentCrane","Yes","Yes","Yes","Yes","Yes","Yes","Implied_Consent_Crane_AI.mp4","AI","crane","Yes"
"82",82,"Trial",NA,1,NA,"IntentionalHomicide_Crane_AI.mp4","<h3> <p style=""text-align: center;""> Is it morally permissible for the agent to press the button?","intentional homicide","intentional homicideCrane","Yes","No","No","Yes","Yes","No","IntentionalHomicide_Crane_AI.mp4","AI","crane","Yes"
"83",83,"Trial",NA,1,NA,"LoopTrack_Crane_AI.mp4","<h3> <p style=""text-align: center;""> Is it morally permissible for the agent to press the button?","loop","loopCrane","Yes","No","No","Yes","Yes","No","LoopTrack_Crane_AI.mp4","AI","crane","Yes"
"84",84,"Trial",NA,1,NA,"ManInFront_Crane_AI.mp4","<h3> <p style=""text-align: center;""> Is it morally permissible for the agent to press the button?","man-in-front","man-in-frontCrane","Yes","Yes","Yes","Yes","Yes","Yes","ManInFront_Crane_AI.mp4","AI","crane","Yes"
"85",85,"Trial",NA,1,NA,"CostlessRescue_Crane_AI.mp4","<h3> <p style=""text-align: center;""> Is it morally permissible for the agent to press the button?","costless rescue","costless rescueCrane","No","Yes","Yes","Yes","Yes","Yes","CostlessRescue_Crane_AI.mp4","AI","crane","No"
"86",86,"Trial",NA,1,NA,"BetterAlternative_Crane_AI.mp4","<h3> <p style=""text-align: center;""> Is it morally permissible for the agent to press the button?","better alternative","better alternativeCrane","Yes","No","Yes","Yes","No","No","BetterAlternative_Crane_AI.mp4","AI","crane","Yes"
"87",87,"Trial",NA,1,NA,"DisproportionalDeath_Crane_AI.mp4","<h3> <p style=""text-align: center;""> Is it morally permissible for the agent to press the button?","disproportionate death","disproportionate deathCrane","Yes","No","Yes","No","No","No","DisproportionalDeath_Crane_AI.mp4","AI","crane","Yes"
"88",88,"Trial",NA,1,NA,"DropMan_Crane_AI.mp4","<h3> <p style=""text-align: center;""> Is it morally permissible for the agent to press the button?","drop man","drop manCrane","Yes","No","No","Yes","Yes","No","DropMan_Crane_AI.mp4","AI","crane","Yes"
"89",89,"Trial",NA,1,NA,"CollapseBridge_Crane_AI.mp4","<h3> <p style=""text-align: center;""> Is it morally permissible for the agent to press the button?","collapse bridge","collapse bridgeCrane","Yes","Yes","Yes","Yes","Yes","Yes","CollapseBridge_Crane_AI.mp4","AI","crane","Yes"
"90",90,"Trial",NA,1,NA,"Bystander_PHO_Trolley_AI.mp4","<h3> <p style=""text-align: center;""> Is it morally permissible for the agent to throw the switch?","BystanderPHO","BystanderPHO","Yes","No","Yes","Yes","Yes","No","Bystander_PHO_Trolley_AI.mp4","AI","trolley","Yes"
"91",91,"Trial",NA,1,NA,"Bystander_PHA&O_Trolley_AI.mp4","<h3> <p style=""text-align: center;""> Is it morally permissible for the agent to throw the switch?","BystanderPHA&O","BystanderPHA&O","Yes","No","No","Yes","Yes","No","Bystander_PHA&O_Trolley_AI.mp4","AI","trolley","Yes"
"92",92,"Trial",NA,1,NA,"Footbridge_PHA_Trolley_AI.mp4","<h3> <p style=""text-align: center;""> Is it morally permissible for the agent to throw the man?","FootbridgePHA","FootbridgePHA","Yes","No","No","Yes","Yes","No","Footbridge_PHA_Trolley_AI.mp4","AI","trolley","Yes"
"93",93,"Trial",NA,1,NA,"Footbridge_PHO_Trolley_AI.mp4","<h3> <p style=""text-align: center;""> Is it morally permissible for the agent to throw the man?","FootbridgePHO","FootbridgePHO","Yes","No","Yes","Yes","Yes","No","Footbridge_PHO_Trolley_AI.mp4","AI","trolley","Yes"
"94",94,"Trial",NA,1,NA,"Footbridge_PHA&O_Trolley_AI.mp4","<h3> <p style=""text-align: center;""> Is it morally permissible for the agent to throw the man?","FootbridgePHA&O","FootbridgePHA&O","Yes","No","No","Yes","Yes","No","Footbridge_PHA&O_Trolley_AI.mp4","AI","trolley","Yes"
"95",95,"Trial",NA,1,NA,"ExpensiveRescue_Trolley_AI.mp4","<h3> <p style=""text-align: center;""> Is it morally permissible for the agent to throw the switch?","ExpensiveRescue","ExpensiveRescue","No","Yes","Yes","Yes","Yes","Yes","ExpensiveRescue_Trolley_AI.mp4","AI","trolley","No"
"96",96,"Trial",NA,1,NA,"InexpensiveRescue_Trolley_AI.mp4","<h3> <p style=""text-align: center;""> Is it morally permissible for the agent to throw the switch?","InexpensiveRescue","InexpensiveRescue","No","Yes","Yes","Yes","Yes","Yes","InexpensiveRescue_Trolley_AI.mp4","AI","trolley","No"
"97",97,"Trial",NA,1,NA,"SubstitutedConsent_Trolley_AI.mp4","<h3> <p style=""text-align: center;""> Is it morally permissible for the agent to throw the man?","SubstitutedConsent","SubstitutedConsent","Yes","Yes","No","Yes","Yes","Yes","SubstitutedConsent_Trolley_AI.mp4","AI","trolley","Yes"
"98",98,"Trial",NA,1,NA,"HypotheticalConsent_Trolley_AI.mp4","<h3> <p style=""text-align: center;""> Is it morally permissible for the agent to throw the man?","HypotheticalConsent","HypotheticalConsent","No","No","No","Yes","Yes","Yes","HypotheticalConsent_Trolley_AI.mp4","AI","trolley","No"
"99",99,"Trial",NA,1,NA,"SuicidalRescue_Trolley_AI.mp4","<h3> <p style=""text-align: center;""> Is it morally permissible for the agent to throw himself?","SuicidalRescue","SuicidalRescue","Yes","Yes","Yes","Yes","Yes","Yes","SuicidalRescue_Trolley_AI.mp4","AI","trolley","Yes"
"100",100,"Trial",NA,1,NA,"EfficientRisk_Trolley_AI.mp4","<h3> <p style=""text-align: center;""> Is it morally permissible for the agent to throw the switch?","EfficientRisk","EfficientRisk","No","Yes","Yes","Yes","Yes","Yes","EfficientRisk_Trolley_AI.mp4","AI","trolley","No"
"101",101,"Trial",NA,1,NA,"InefficientRisk_Trolley_AI.mp4","<h3> <p style=""text-align: center;""> Is it morally permissible for the agent to throw the switch?","InefficientRisk","InefficientRisk","No","No","Yes","No","Yes","No","InefficientRisk_Trolley_AI.mp4","AI","trolley","No"
"102",102,"Trial",NA,1,NA,"DropEquipment_Trolley_AI.mp4","<h3> <p style=""text-align: center;""> Is it morally permissible for the agent to throw the switch?","DropEquipment","DropEquipment","No","No","No","Yes","Yes","Yes","DropEquipment_Trolley_AI.mp4","AI","trolley","No"
"103",103,"Trial",NA,1,NA,"ExpensiveCollapse_Trolley_AI.mp4","<h3> <p style=""text-align: center;""> Is it morally permissible for the agent to throw the switch?","ExpensiveCollapse","ExpensiveCollapse","No","Yes","Yes","Yes","Yes","Yes","ExpensiveCollapse_Trolley_AI.mp4","AI","trolley","No"
"104",104,"Trial",NA,1,NA,"Bystander_PHO_Crane_AI.mp4","<h3> <p style=""text-align: center;""> Is it morally permissible for the agent to press the button?","BystanderPHO","BystanderPHOCrane","Yes","No","Yes","Yes","Yes","No","Bystander_PHO_Crane_AI.mp4","AI","crane","Yes"
"105",105,"Trial",NA,1,NA,"Bystander_PHA&O_Crane_AI.mp4","<h3> <p style=""text-align: center;""> Is it morally permissible for the agent to press the button?","BystanderPHA&O","BystanderPHA&OCrane","Yes","No","No","Yes","Yes","No","Bystander_PHA&O_Crane_AI.mp4","AI","crane","Yes"
"106",106,"Trial",NA,1,NA,"Footbridge_PHA_Crane_AI.mp4","<h3> <p style=""text-align: center;""> Is it morally permissible for the agent to throw the man?","FootbridgePHA","FootbridgePHACrane","Yes","No","No","Yes","Yes","No","Footbridge_PHA_Crane_AI.mp4","AI","crane","Yes"
"107",107,"Trial",NA,1,NA,"Footbridge_PHO_Crane_AI.mp4","<h3> <p style=""text-align: center;""> Is it morally permissible for the agent to throw the man?","FootbridgePHO","FootbridgePHOCrane","Yes","No","Yes","Yes","Yes","No","Footbridge_PHO_Crane_AI.mp4","AI","crane","Yes"
"108",108,"Trial",NA,1,NA,"Footbridge_PHA&O_Crane_AI.mp4","<h3> <p style=""text-align: center;""> Is it morally permissible for the agent to throw the man?","FootbridgePHA&O","FootbridgePHA&OCrane","Yes","No","No","Yes","Yes","No","Footbridge_PHA&O_Crane_AI.mp4","AI","crane","Yes"
"109",109,"Trial",NA,1,NA,"ExpensiveRescue_Crane_AI.mp4","<h3> <p style=""text-align: center;""> Is it morally permissible for the agent to press the button?","ExpensiveRescue","ExpensiveRescueCrane","No","Yes","Yes","Yes","Yes","Yes","ExpensiveRescue_Crane_AI.mp4","AI","crane","No"
"110",110,"Trial",NA,1,NA,"InexpensiveRescue_Crane_AI.mp4","<h3> <p style=""text-align: center;""> Is it morally permissible for the agent to press the button?","InexpensiveRescue","InexpensiveRescueCrane","No","Yes","Yes","Yes","Yes","Yes","InexpensiveRescue_Crane_AI.mp4","AI","crane","No"
"111",111,"Trial",NA,1,NA,"SubstitutedConsent_Crane_AI.mp4","<h3> <p style=""text-align: center;""> Is it morally permissible for the agent to throw the man?","SubstitutedConsent","SubstitutedConsentCrane","Yes","Yes","No","Yes","Yes","Yes","SubstitutedConsent_Crane_AI.mp4","AI","crane","Yes"
"112",112,"Trial",NA,1,NA,"HypotheticalConsent_Crane_AI.mp4","<h3> <p style=""text-align: center;""> Is it morally permissible for the agent to throw the man?","HypotheticalConsent","HypotheticalConsentCrane","No","No","No","Yes","Yes","Yes","HypotheticalConsent_Crane_AI.mp4","AI","crane","No"
"113",113,"Trial",NA,1,NA,"SuicidalRescue_Crane_AI.mp4","<h3> <p style=""text-align: center;""> Is it morally permissible for the agent to throw himself?","SuicidalRescue","SuicidalRescueCrane","Yes","Yes","Yes","Yes","Yes","Yes","SuicidalRescue_Crane_AI.mp4","AI","crane","Yes"
"114",114,"Trial",NA,1,NA,"EfficientRisk_Crane_AI.mp4","<h3> <p style=""text-align: center;""> Is it morally permissible for the agent to press the button?","EfficientRisk","EfficientRiskCrane","No","Yes","Yes","Yes","Yes","Yes","EfficientRisk_Crane_AI.mp4","AI","crane","No"
"115",115,"Trial",NA,1,NA,"InefficientRisk_Crane_AI.mp4","<h3> <p style=""text-align: center;""> Is it morally permissible for the agent to press the button?","InefficientRisk","InefficientRiskCrane","No","No","Yes","No","Yes","No","InefficientRisk_Crane_AI.mp4","AI","crane","No"
"116",116,"Trial",NA,1,NA,"DropEquipment_Crane_AI.mp4","<h3> <p style=""text-align: center;""> Is it morally permissible for the agent to press the button?","DropEquipment","DropEquipmentCrane","No","No","No","Yes","Yes","Yes","DropEquipment_Crane_AI.mp4","AI","crane","No"
"117",117,"Trial",NA,1,NA,"ExpensiveCollapse_Crane_AI.mp4","<h3> <p style=""text-align: center;""> Is it morally permissible for the agent to press the button?","ExpensiveCollapse","ExpensiveCollapseCrane","No","Yes","Yes","Yes","Yes","Yes","ExpensiveCollapse_Crane_AI.mp4","AI","crane","No"
"118",118,"Trial",NA,1,NA,"BetterAlternative_DisproportionateCost_Trolley_AI.mp4","<h3> <p style=""text-align: center;""> Is it morally permissible for the agent to throw the switch?","BetterAlternative_DisproportionateCost_","BetterAlternative_DisproportionateCost_Trolley","Yes","No","Yes","No","No","No","BetterAlternative_DisproportionateCost_Trolley_AI.mp4","AI","trolley","Yes"
"119",119,"Trial",NA,1,NA,"Footbridge_Equipment_Save_Trolley_AI.mp4","<h3> <p style=""text-align: center;""> Is it morally permissible for the agent to throw the man?","Footbridge_Equipment_Save_","Footbridge_Equipment_Save_Trolley","Yes","No","Yes","No","Yes","No","Footbridge_Equipment_Save_Trolley_AI.mp4","AI","trolley","Yes"
"120",120,"Trial",NA,1,NA,"Unprohibited_BetterAlternative_Equipment_Intended_DisproportionateCost_Trolley_AI.mp4","<h3> <p style=""text-align: center;""> Is it morally permissible for the agent to throw the switch?","Unprohibited_BetterAlternative_Equipment_Intended_DisproportionateCost_","Unprohibited_BetterAlternative_Equipment_Intended_DisproportionateCost_Trolley","No","No","No","No","No","Yes","Unprohibited_BetterAlternative_Equipment_Intended_DisproportionateCost_Trolley_AI.mp4","AI","trolley","No"
"121",121,"Trial",NA,1,NA,"Unprohibted_BetterAlternative_DisproportionateCost_Trolley_AI.mp4","<h3> <p style=""text-align: center;""> Is it morally permissible for the agent to throw the switch?","Unprohibted_BetterAlternative_DisproportionateCost_","Unprohibted_BetterAlternative_DisproportionateCost_Trolley","No","No","Yes","No","No","Yes","Unprohibted_BetterAlternative_DisproportionateCost_Trolley_AI.mp4","AI","trolley","No"
"122",122,"Trial",NA,1,NA,"Unprohibited_BetterAlternative_Equipment_Intended_Trolley_AI.mp4","<h3> <p style=""text-align: center;""> Is it morally permissible for the agent to throw the switch?","Unprohibted_BetterAlternative_Equipment_Intended_","Unprohibted_BetterAlternative_Equipment_Intended_Trolley","No","No","No","Yes","No","Yes","Unprohibited_BetterAlternative_Equipment_Intended_Trolley_AI.mp4","AI","trolley","No"
"123",123,"Trial",NA,1,NA,"Unprohibted_BetterAlternative_Trolley_AI.mp4","<h3> <p style=""text-align: center;""> Is it morally permissible for the agent to throw the switch?","Unprohibted_BetterAlternative_","Unprohibted_BetterAlternative_Trolley","No","No","Yes","Yes","No","Yes","Unprohibted_BetterAlternative_Trolley_AI.mp4","AI","trolley","No"
"124",124,"Trial",NA,1,NA,"BetterAlternative_DisproportionateCost_Crane_AI.mp4","<h3> <p style=""text-align: center;""> Is it morally permissible for the agent to press the button?","BetterAlternative_DisproportionateCost_","BetterAlternative_DisproportionateCost_Crane","Yes","No","Yes","No","No","No","BetterAlternative_DisproportionateCost_Crane_AI.mp4","AI","crane","Yes"
"125",125,"Trial",NA,1,NA,"Footbridge_Equipment_Save_Crane_AI.mp4","<h3> <p style=""text-align: center;""> Is it morally permissible for the agent to throw the man?","Footbridge_Equipment_Save_","Footbridge_Equipment_Save_Crane","Yes","No","Yes","No","Yes","No","Footbridge_Equipment_Save_Crane_AI.mp4","AI","crane","Yes"
"126",126,"Trial",NA,1,NA,"Unprohibited_BetterAlternative_Equipment_Intended_DisproportionateCost_Crane_AI.mp4","<h3> <p style=""text-align: center;""> Is it morally permissible for the agent to press the button?","Unprohibited_BetterAlternative_Equipment_Intended_DisproportionateCost_","Unprohibited_BetterAlternative_Equipment_Intended_DisproportionateCost_Crane","No","No","No","No","No","Yes","Unprohibited_BetterAlternative_Equipment_Intended_DisproportionateCost_Crane_AI.mp4","AI","crane","No"
"127",127,"Trial",NA,1,NA,"Unprohibted_BetterAlternative_DisproportionateCost_Crane_AI.mp4","<h3> <p style=""text-align: center;""> Is it morally permissible for the agent to press the button?","Unprohibted_BetterAlternative_DisproportionateCost_","Unprohibted_BetterAlternative_DisproportionateCost_Crane","No","No","Yes","No","No","Yes","Unprohibted_BetterAlternative_DisproportionateCost_Crane_AI.mp4","AI","crane","No"
"128",128,"Trial",NA,1,NA,"Unprohibted_BetterAlternative_Equipment_Intended_Crane_AI.mp4","<h3> <p style=""text-align: center;""> Is it morally permissible for the agent to press the button?","Unprohibted_BetterAlternative_Equipment_Intended_","Unprohibted_BetterAlternative_Equipment_Intended_Crane","No","No","No","Yes","No","Yes","Unprohibted_BetterAlternative_Equipment_Intended_Crane_AI.mp4","AI","crane","No"
"129",129,"Trial",NA,1,NA,"Unprohibted_BetterAlternative_Crane_AI.mp4","<h3> <p style=""text-align: center;""> Is it morally permissible for the agent to press the button?","Unprohibted_BetterAlternative_","Unprohibted_BetterAlternative_Crane","No","No","Yes","Yes","No","Yes","Unprohibted_BetterAlternative_Crane_AI.mp4","AI","crane","No"
"130",130,"Trial",NA,1,NA,"SubstitutedConsent_2_Trolley_AI.mp4","<h3> <p style=""text-align: center;""> Is it morally permissible for the agent to throw the man?","SubstitutedConsent","SubstitutedConsent2Trolley","Yes","Yes","No","Yes","Yes","Yes","SubstitutedConsent_Trolley_AI.mp4","AI","trolley","Yes"
"131",131,"Trial",NA,1,NA,"SubstitutedConsent_2_Trolley_newtimings.mp4","<h3> <p style=""text-align: center;""> Is it morally permissible for the agent to throw the man?","SubstitutedConsent","SubstitutedConsent2Trolley","Yes","Yes","No","Yes","Yes","Yes","SubstitutedConsent_Trolley_AI.mp4","Human","trolley","Yes"
"132",132,"Trial",NA,1,NA,"SubstitutedConsent_2_Crane_AI.mp4","<h3> <p style=""text-align: center;""> Is it morally permissible for the agent to throw the man?","SubstitutedConsent","SubstitutedConsent2Crane","Yes","Yes","No","Yes","Yes","Yes","SubstitutedConsent_Crane_AI.mp4","AI","crane","Yes"
"133",133,"Trial",NA,1,NA,"SubstitutedConsent_2_Crane_newtimings.mp4","<h3> <p style=""text-align: center;""> Is it morally permissible for the agent to throw the man?","SubstitutedConsent","SubstitutedConsent2Crane","Yes","Yes","No","Yes","Yes","Yes","SubstitutedConsent_Crane_AI.mp4","Human","crane","Yes"
"134",134,"Trial",NA,1,NA,"Omission_Footbridge_PHO_Trolley_newtimings.mp4","<h3> <p style=""text-align: center;""> Is it morally permissible for the agent <strong>not</strong> to throw the man?","OmissionFootbridgePHO","OmissionFootbridgePHOTrolley","No","No","Yes","No","Yes","Yes","Omission_Footbridge_PHO_Trolley_newtimings.mp4","Human","trolley","No"
"135",135,"Trial",NA,1,NA,"Omission_Footbridge_PHO_Trolley_AI.mp4","<h3> <p style=""text-align: center;""> Is it morally permissible for the agent <strong>not</strong> to throw the man?","OmissionFootbridgePHO","OmissionFootbridgePHOTrolley","No","No","Yes","No","Yes","Yes","Omission_Footbridge_PHO_Trolley_AI.mp4","AI","trolley","No"
"136",136,"Trial",NA,1,NA,"Omission_Bystander_PHO_Trolley_newtimings.mp4","<h3> <p style=""text-align: center;""> Is it morally permissible for the agent <strong>not</strong> to throw the switch?","OmissionBystanderPHO","OmissionBystanderPHOTrolley","No","No","Yes","No","Yes","Yes","Omission_Bystander_PHO_Trolley_newtimings.mp4","Human","trolley","No"
"137",137,"Trial",NA,1,NA,"Omission_Bystander_PHO_Trolley_AI.mp4","<h3> <p style=""text-align: center;""> Is it morally permissible for the agent <strong>not</strong> to throw the switch?","OmissionBystanderPHO","OmissionBystanderPHOTrolley","No","No","Yes","No","Yes","Yes","Omission_Bystander_PHO_Trolley_AI.mp4","AI","trolley","No"
"138",138,"Trial",NA,1,NA,"Omission_Footbridge_PHO_Crane_newtimings.mp4","<h3> <p style=""text-align: center;""> Is it morally permissible for the agent <strong>not</strong> to throw the man?","OmissionFootbridgePHO","OmissionFootbridgePHOCrane","No","No","Yes","No","Yes","Yes","Omission_Footbridge_PHO_Crane_newtimings.mp4","Human","Crane","No"
"139",139,"Trial",NA,1,NA,"Omission_Footbridge_PHO_Crane_AI.mp4","<h3> <p style=""text-align: center;""> Is it morally permissible for the agent <strong>not</strong> to throw the man?","OmissionFootbridgePHO","OmissionFootbridgePHOCrane","No","No","Yes","No","Yes","Yes","Omission_Footbridge_PHO_Crane_AI.mp4","AI","Crane","No"
"140",140,"Trial",NA,1,NA,"Omission_Bystander_PHO_Crane_newtimings.mp4","<h3> <p style=""text-align: center;""> Is it morally permissible for the agent <strong>not</strong> to press the button?","OmissionBystanderPHO","OmissionBystanderPHOCrane","No","No","Yes","No","Yes","Yes","Omission_Bystander_PHO_Crane_newtimings.mp4","Human","Crane","No"
"141",141,"Trial",NA,1,NA,"Omission_Bystander_PHO_Crane_AI.mp4","<h3> <p style=""text-align: center;""> Is it morally permissible for the agent <strong>not</strong> to press the button?","OmissionBystanderPHO","OmissionBystanderPHOCrane","No","No","Yes","No","Yes","Yes","Omission_Bystander_PHO_Crane_AI.mp4","AI","Crane","No"
"142",142,"Trial",NA,1,NA,"DropEquipment_Crane_Hang.mp4","<h3> <p style=""text-align: center;""> Is it morally permissible for the agent to press the button?","DropEquipment","DropEquipmentCraneHang","No","No","Yes","Yes","Yes","Yes","DropEquipment_Crane_Hang.mp4","Human","Crane","No"
"143",143,"Trial",NA,1,NA,"DropMan_Crane_Hang.mp4","<h3> <p style=""text-align: center;""> Is it morally permissible for the agent to press the button?","drop man","DropManCraneHang","Yes","No","No","Yes","Yes","No","DropMan_Crane_Hang.mp4","Human","Crane","Yes"
"144",144,"Trial",NA,1,NA,"DropMan_Crane_Hang_AI.mp4","<h3> <p style=""text-align: center;""> Is it morally permissible for the agent to press the button?","drop man","DropManCraneHang","Yes","No","No","Yes","Yes","No","DropMan_Crane_Hang_AI.mp4","AI","Crane","Yes"
"145",145,"Trial",NA,1,NA,"DropEquipment_Crane_Hang_AI.mp4","<h3> <p style=""text-align: center;""> Is it morally permissible for the agent to press the button?","DropEquipment","DropEquipmentCraneHang","No","No","Yes","Yes","Yes","Yes","DropEquipment_Crane_Hang_AI.mp4","AI","Crane","No"
"146",146,"Trial",NA,1,NA,"Bystander_Truck_newtimings.mp4","<h3> <p style=""text-align: center;""> Is it morally permissible for the agent to alert the driver to turn left?","bystander","bystanderTruck","Yes","Yes","Yes","Yes","Yes","Yes","Bystander_Truck_newtimings.mp4","Human","truck","Yes"
"147",147,"Trial",NA,1,NA,"Footbridge_Truck_newtimings.mp4","<h3> <p style=""text-align: center;""> Is it morally permissible for the agent to throw the man?","footbridge","footbridgeTruck","No","Yes","Yes","Yes","No","No","Footbridge_Truck_newtimings.mp4","Human","truck","No"
"148",148,"Trial",NA,1,NA,"ExpensiveEquipment_Truck_newtimings.mp4","<h3> <p style=""text-align: center;""> Is it morally permissible for the agent to alert the driver to turn left?","expensive equipment","expensive equipmentTruck","Yes","No","No","Yes","No","No","ExpensiveEquipment_Truck_newtimings.mp4","Human","truck","Yes"
"149",149,"Trial",NA,1,NA,"ImpliedConsent_Truck_newtimings.mp4","<h3> <p style=""text-align: center;""> Is it morally permissible for the agent to throw the man?","implied consent","implied consentTruck","Yes","Yes","Yes","Yes","Yes","Yes","ImpliedConsent_Truck_newtimings.mp4","Human","truck","Yes"
"150",150,"Trial",NA,1,NA,"IntentionalHomicide_Truck_newtimings.mp4","<h3> <p style=""text-align: center;""> Is it morally permissible for the agent to alert the driver to turn left?","intentional homicide","intentional homicideTruck","No","Yes","Yes","Yes","No","No","IntentionalHomicide_Truck_newtimings.mp4","Human","truck","No"
"151",151,"Trial",NA,1,NA,"LoopTrack_Truck_newtimings.mp4","<h3> <p style=""text-align: center;""> Is it morally permissible for the agent to alert the driver to turn left?","loop","loopTruck","No","Yes","Yes","Yes","No","No","LoopTrack_Truck_newtimings.mp4","Human","truck","No"
"152",152,"Trial",NA,1,NA,"ManInFront_Truck_newtimings.mp4","<h3> <p style=""text-align: center;""> Is it morally permissible for the agent to alert the driver to turn left?","man-in-front","man-in-frontTruck","Yes","Yes","Yes","Yes","Yes","Yes","ManInFront_Truck_newtimings.mp4","Human","truck","Yes"
"153",153,"Trial",NA,1,NA,"CostlessRescue_Truck_newtimings.mp4","<h3> <p style=""text-align: center;""> Is it morally permissible for the agent to alert the driver to turn left?","costless rescue","costless rescueTruck","Yes","Yes","Yes","No","Yes","Yes","CostlessRescue_Truck_newtimings.mp4","Human","truck","Yes"
"154",154,"Trial",NA,1,NA,"BetterAlternative_Truck_newtimings.mp4","<h3> <p style=""text-align: center;""> Is it morally permissible for the agent to alert the driver to turn left?","better alternative","better alternativeTruck","Yes","Yes","No","Yes","No","No","BetterAlternative_Truck_newtimings.mp4","Human","truck","Yes"
"155",155,"Trial",NA,1,NA,"DisproportionalDeath_Truck_newtimings.mp4","<h3> <p style=""text-align: center;""> Is it morally permissible for the agent to alert the driver to turn left?","disproportionate death","disproportionate deathTruck","Yes","No","No","Yes","No","No","DisproportionalDeath_Truck_newtimings.mp4","Human","truck","Yes"
"156",156,"Trial",NA,1,NA,"DropMan_Truck_newtimings.mp4","<h3> <p style=""text-align: center;""> Is it morally permissible for the agent to throw the switch?","drop man","drop manTruck","No","Yes","Yes","Yes","No","No","DropMan_Truck_newtimings.mp4","Human","truck","No"
"157",157,"Trial",NA,1,NA,"CollapseBridge_Truck_newtimings.mp4","<h3> <p style=""text-align: center;""> Is it morally permissible for the agent to throw the switch?","collapse bridge","collapse bridgeTruck","Yes","Yes","Yes","Yes","Yes","Yes","CollapseBridge_Truck_newtimings.mp4","Human","truck","Yes"
"158",158,"Trial",NA,1,NA,"Bystander_Mine_newtimings.mp4","<h3> <p style=""text-align: center;""> Is it morally permissible for the agent to press the button?","bystander","bystanderMine","Yes","Yes","Yes","Yes","Yes","Yes","Bystander_Mine_newtimings.mp4","Human","mine","Yes"
"159",159,"Trial",NA,1,NA,"Footbridge_Mine_newtimings.mp4","<h3> <p style=""text-align: center;""> Is it morally permissible for the agent to throw the man?","footbridge","footbridgeMine","No","Yes","Yes","Yes","No","No","Footbridge_Mine_newtimings.mp4","Human","mine","No"
"160",160,"Trial",NA,1,NA,"ExpensiveEquipment_Mine_newtimings.mp4","<h3> <p style=""text-align: center;""> Is it morally permissible for the agent to press the button?","expensive equipment","expensive equipmentMine","Yes","No","No","Yes","No","No","ExpensiveEquipment_Mine_newtimings.mp4","Human","mine","Yes"
"161",161,"Trial",NA,1,NA,"Implied_Consent_Mine_newtimings.mp4","<h3> <p style=""text-align: center;""> Is it morally permissible for the agent to throw the man?","implied consent","implied consentMine","Yes","Yes","Yes","Yes","Yes","Yes","Implied_Consent_Mine_newtimings.mp4","Human","mine","Yes"
"162",162,"Trial",NA,1,NA,"IntentionalHomicide_Mine_newtimings.mp4","<h3> <p style=""text-align: center;""> Is it morally permissible for the agent to press the button?","intentional homicide","intentional homicideMine","No","Yes","Yes","Yes","No","No","IntentionalHomicide_Mine_newtimings.mp4","Human","mine","No"
"163",163,"Trial",NA,1,NA,"LoopTrack_Mine_newtimings.mp4","<h3> <p style=""text-align: center;""> Is it morally permissible for the agent to press the button?","loop","loopMine","No","Yes","Yes","Yes","No","No","LoopTrack_Mine_newtimings.mp4","Human","mine","No"
"164",164,"Trial",NA,1,NA,"ManInFront_Mine_newtimings.mp4","<h3> <p style=""text-align: center;""> Is it morally permissible for the agent to press the button?","man-in-front","man-in-frontMine","Yes","Yes","Yes","Yes","Yes","Yes","ManInFront_Mine_newtimings.mp4","Human","mine","Yes"
"165",165,"Trial",NA,1,NA,"CostlessRescue_Mine_newtimings.mp4","<h3> <p style=""text-align: center;""> Is it morally permissible for the agent to press the button?","costless rescue","costless rescueMine","Yes","Yes","Yes","No","Yes","Yes","CostlessRescue_Mine_newtimings.mp4","Human","mine","Yes"
"166",166,"Trial",NA,1,NA,"BetterAlternative_Mine_newtimings.mp4","<h3> <p style=""text-align: center;""> Is it morally permissible for the agent to press the button?","better alternative","better alternativeMine","Yes","Yes","No","Yes","No","No","BetterAlternative_Mine_newtimings.mp4","Human","mine","Yes"
"167",167,"Trial",NA,1,NA,"DisproportionalDeath_Mine_newtimings.mp4","<h3> <p style=""text-align: center;""> Is it morally permissible for the agent to press the button?","disproportionate death","disproportionate deathMine","Yes","No","No","Yes","No","No","DisproportionalDeath_Mine_newtimings.mp4","Human","mine","Yes"
"168",168,"Trial",NA,1,NA,"DropMan_Mine_newtimings.mp4","<h3> <p style=""text-align: center;""> Is it morally permissible for the agent to press the button?","drop man","drop manMine","No","Yes","Yes","Yes","No","No","DropMan_Mine_newtimings.mp4","Human","mine","No"
"169",169,"Trial",NA,1,NA,"CollapseBridge_Mine_newtimings.mp4","<h3> <p style=""text-align: center;""> Is it morally permissible for the agent to press the button?","collapse bridge","collapse bridgeMine","Yes","Yes","Yes","Yes","Yes","Yes","CollapseBridge_Mine_newtimings.mp4","Human","mine","Yes"
"170",170,"Trial",NA,1,NA,"Bystander_PHO_Truck_newtimings.mp4","<h3> <p style=""text-align: center;""> Is it morally permissible for the agent to alert the driver to turn left?","BystanderPHO","BystanderPHOTruck","Yes","No","Yes","Yes","Yes","No","Bystander_PHO_Truck_newtimings.mp4","Human","truck","Yes"
"171",171,"Trial",NA,1,NA,"Bystander_PHA&O_Truck_newtimings.mp4","<h3> <p style=""text-align: center;""> Is it morally permissible for the agent to alert the driver to turn left?","BystanderPHA&O","BystanderPHA&OTruck","No","Yes","Yes","Yes","No","No","Bystander_PHA&O_Truck_newtimings.mp4","Human","truck","No"
"172",172,"Trial",NA,1,NA,"Footbridge_PHA_Truck_newtimings.mp4","<h3> <p style=""text-align: center;""> Is it morally permissible for the agent to throw the man?","FootbridgePHA","FootbridgePHATruck","No","Yes","Yes","Yes","No","No","Footbridge_PHA_Truck_newtimings.mp4","Human","truck","No"
"173",173,"Trial",NA,1,NA,"Footbridge_PHO_Truck_newtimings.mp4","<h3> <p style=""text-align: center;""> Is it morally permissible for the agent to throw the man?","FootbridgePHO","FootbridgePHOTruck","Yes","Yes","Yes","Yes","No","No","Footbridge_PHO_Truck_newtimings.mp4","Human","truck","Yes"
"174",174,"Trial",NA,1,NA,"Footbridge_PHA&O_Truck_newtimings.mp4","<h3> <p style=""text-align: center;""> Is it morally permissible for the agent to throw the man?","FootbridgePHA&O","FootbridgePHA&OTruck","No","Yes","Yes","Yes","No","No","Footbridge_PHA&O_Truck_newtimings.mp4","Human","truck","No"
"175",175,"Trial",NA,1,NA,"ExpensiveRescue_Truck_newtimings.mp4","<h3> <p style=""text-align: center;""> Is it morally permissible for the agent to alert the driver to turn left?","ExpensiveRescue","ExpensiveRescueTruck","Yes","Yes","Yes","No","Yes","Yes","ExpensiveRescue_Truck_newtimings.mp4","Human","truck","Yes"
"176",176,"Trial",NA,1,NA,"InexpensiveRescue_Truck_newtimings.mp4","<h3> <p style=""text-align: center;""> Is it morally permissible for the agent to alert the driver to turn left?","InexpensiveRescue","InexpensiveRescueTruck","Yes","Yes","Yes","No","Yes","Yes","InexpensiveRescue_Truck_newtimings.mp4","Human","truck","Yes"
"177",177,"Trial",NA,1,NA,"SubstitutedConsent_Truck_newtimings.mp4","<h3> <p style=""text-align: center;""> Is it morally permissible for the agent to throw the man?","SubstitutedConsent","SubstitutedConsentTruck","No","Yes","Yes","Yes","No","Yes","SubstitutedConsent_Truck_newtimings.mp4","Human","truck","No"
"178",178,"Trial",NA,1,NA,"HypotheticalConsent_Truck_newtimings.mp4","<h3> <p style=""text-align: center;""> Is it morally permissible for the agent to throw the man?","HypotheticalConsent","HypotheticalConsentTruck","No","Yes","Yes","No","No","Yes","HypotheticalConsent_Truck_newtimings.mp4","Human","truck","No"
"179",179,"Trial",NA,1,NA,"SuicidalRescue_Truck_newtimings.mp4","<h3> <p style=""text-align: center;""> Is it morally permissible for the agent to throw himself?","SuicidalRescue","SuicidalRescueTruck","Yes","Yes","Yes","Yes","Yes","Yes","SuicidalRescue_Truck_newtimings.mp4","Human","truck","Yes"
"180",180,"Trial",NA,1,NA,"EfficientRisk_Truck_newtimings.mp4","<h3> <p style=""text-align: center;""> Is it morally permissible for the agent to alert the driver to turn left?","EfficientRisk","EfficientRiskTruck","Yes","Yes","Yes","No","Yes","Yes","EfficientRisk_Truck_newtimings.mp4","Human","truck","Yes"
"181",181,"Trial",NA,1,NA,"InefficientRisk_Truck_newtimings.mp4","<h3> <p style=""text-align: center;""> Is it morally permissible for the agent to alert the driver to turn left?","InefficientRisk","InefficientRiskTruck","Yes","No","Yes","No","No","No","InefficientRisk_Truck_newtimings.mp4","Human","truck","Yes"
"182",182,"Trial",NA,1,NA,"DropEquipment_Truck_newtimings.mp4","<h3> <p style=""text-align: center;""> Is it morally permissible for the agent to throw the switch?","DropEquipment","DropEquipmentTruck","No","Yes","Yes","No","No","Yes","DropEquipment_Truck_newtimings.mp4","Human","truck","No"
"183",183,"Trial",NA,1,NA,"ExpensiveCollapse_Truck_newtimings.mp4","<h3> <p style=""text-align: center;""> Is it morally permissible for the agent to throw the switch?","ExpensiveCollapse","ExpensiveCollapseTruck","Yes","Yes","Yes","No","Yes","Yes","ExpensiveCollapse_Truck_newtimings.mp4","Human","truck","Yes"
"184",184,"Trial",NA,1,NA,"Bystander_PHO_Mine_newtimings.mp4","<h3> <p style=""text-align: center;""> Is it morally permissible for the agent to press the button?","BystanderPHO","BystanderPHOMine","Yes","No","Yes","Yes","Yes","No","Bystander_PHO_Mine_newtimings.mp4","Human","mine","Yes"
"185",185,"Trial",NA,1,NA,"Bystander_PHA&O_Mine_newtimings.mp4","<h3> <p style=""text-align: center;""> Is it morally permissible for the agent to press the button?","BystanderPHA&O","BystanderPHA&OMine","No","Yes","Yes","Yes","No","No","Bystander_PHA&O_Mine_newtimings.mp4","Human","mine","No"
"186",186,"Trial",NA,1,NA,"Footbridge_PHA_Mine_newtimings.mp4","<h3> <p style=""text-align: center;""> Is it morally permissible for the agent to throw the man?","FootbridgePHA","FootbridgePHAMine","No","Yes","Yes","Yes","No","No","Footbridge_PHA_Mine_newtimings.mp4","Human","mine","No"
"187",187,"Trial",NA,1,NA,"Footbridge_PHO_Mine_newtimings.mp4","<h3> <p style=""text-align: center;""> Is it morally permissible for the agent to throw the man?","FootbridgePHO","FootbridgePHOMine","Yes","Yes","Yes","Yes","No","No","Footbridge_PHO_Mine_newtimings.mp4","Human","mine","Yes"
"188",188,"Trial",NA,1,NA,"Footbridge_PHA&O_Mine_newtimings.mp4","<h3> <p style=""text-align: center;""> Is it morally permissible for the agent to throw the man?","FootbridgePHA&O","FootbridgePHA&OMine","No","Yes","Yes","Yes","No","No","Footbridge_PHA&O_Mine_newtimings.mp4","Human","mine","No"
"189",189,"Trial",NA,1,NA,"ExpensiveRescue_Mine_newtimings.mp4","<h3> <p style=""text-align: center;""> Is it morally permissible for the agent to press the button?","ExpensiveRescue","ExpensiveRescueMine","Yes","Yes","Yes","No","Yes","Yes","ExpensiveRescue_Mine_newtimings.mp4","Human","mine","Yes"
"190",190,"Trial",NA,1,NA,"InexpensiveRescue_Mine_newtimings.mp4","<h3> <p style=""text-align: center;""> Is it morally permissible for the agent to press the button?","InexpensiveRescue","InexpensiveRescueMine","Yes","Yes","Yes","No","Yes","Yes","InexpensiveRescue_Mine_newtimings.mp4","Human","mine","Yes"
"191",191,"Trial",NA,1,NA,"SubstitutedConsent_Mine_newtimings.mp4","<h3> <p style=""text-align: center;""> Is it morally permissible for the agent to throw the man?","SubstitutedConsent","SubstitutedConsentMine","No","Yes","Yes","Yes","No","Yes","SubstitutedConsent_Mine_newtimings.mp4","Human","mine","No"
"192",192,"Trial",NA,1,NA,"HypotheticalConsent_Mine_newtimings.mp4","<h3> <p style=""text-align: center;""> Is it morally permissible for the agent to throw the man?","HypotheticalConsent","HypotheticalConsentMine","No","Yes","Yes","No","No","Yes","HypotheticalConsent_Mine_newtimings.mp4","Human","mine","No"
"193",193,"Trial",NA,1,NA,"SuicidalRescue_Mine_newtimings.mp4","<h3> <p style=""text-align: center;""> Is it morally permissible for the agent to throw himself?","SuicidalRescue","SuicidalRescueMine","Yes","Yes","Yes","Yes","Yes","Yes","SuicidalRescue_Mine_newtimings.mp4","Human","mine","Yes"
"194",194,"Trial",NA,1,NA,"EfficientRisk_Mine_newtimings.mp4","<h3> <p style=""text-align: center;""> Is it morally permissible for the agent to press the button?","EfficientRisk","EfficientRiskMine","Yes","Yes","Yes","No","Yes","Yes","EfficientRisk_Mine_newtimings.mp4","Human","mine","Yes"
"195",195,"Trial",NA,1,NA,"InefficientRisk_Mine_newtimings.mp4","<h3> <p style=""text-align: center;""> Is it morally permissible for the agent to press the button?","InefficientRisk","InefficientRiskMine","Yes","No","Yes","No","No","No","InefficientRisk_Mine_newtimings.mp4","Human","mine","Yes"
"196",196,"Trial",NA,1,NA,"DropEquipment_Mine_newtimings.mp4","<h3> <p style=""text-align: center;""> Is it morally permissible for the agent to press the button?","DropEquipment","DropEquipmentMine","No","Yes","Yes","No","No","Yes","DropEquipment_Mine_newtimings.mp4","Human","mine","No"
"197",197,"Trial",NA,1,NA,"ExpensiveCollapse_Mine_newtimings.mp4","<h3> <p style=""text-align: center;""> Is it morally permissible for the agent to press the button?","ExpensiveCollapse","ExpensiveCollapseMine","Yes","Yes","Yes","No","Yes","Yes","ExpensiveCollapse_Mine_newtimings.mp4","Human","mine","Yes"
"198",198,"Trial",NA,1,NA,"BetterAlternative_DisproportionateCost_Truck_newtimings.mp4","<h3> <p style=""text-align: center;""> Is it morally permissible for the agent to alert the driver to turn left?","BetterAlternative_DisproportionateCost_","BetterAlternative_DisproportionateCost_Truck","Yes","No","No","Yes","No","No","BetterAlternative_DisproportionateCost_Truck_newtimings.mp4","Human","truck","Yes"
"199",199,"Trial",NA,1,NA,"Footbridge_Equipment_Save_Truck_newtimings.mp4","<h3> <p style=""text-align: center;""> Is it morally permissible for the agent to throw the man?","Footbridge_Equipment_Save_","Footbridge_Equipment_Save_Truck","Yes","No","Yes","Yes","No","No","Footbridge_Equipment_Save_Truck_newtimings.mp4","Human","truck","Yes"
"200",200,"Trial",NA,1,NA,"Unprohibited_BetterAlternative_Equipment_Intended_DisproportionateCost_Truck_newtimings.mp4","<h3> <p style=""text-align: center;""> Is it morally permissible for the agent to alert the driver to turn left?","Unprohibited_BetterAlternative_Equipment_Intended_DisproportionateCost_","Unprohibited_BetterAlternative_Equipment_Intended_DisproportionateCost_Truck","No","No","No","No","No","Yes","Unprohibited_BetterAlternative_Equipment_Intended_DisproportionateCost_Truck_newtimings.mp4","Human","truck","No"
"201",201,"Trial",NA,1,NA,"Unprohibted_BetterAlternative_DisproportionateCost_Truck_newtimings.mp4","<h3> <p style=""text-align: center;""> Is it morally permissible for the agent to alert the driver to turn left?","Unprohibted_BetterAlternative_DisproportionateCost_","Unprohibted_BetterAlternative_DisproportionateCost_Truck","Yes","No","No","No","No","Yes","Unprohibted_BetterAlternative_DisproportionateCost_Truck_newtimings.mp4","Human","truck","Yes"
"202",202,"Trial",NA,1,NA,"Unprohibted_BetterAlternative_Equipment_Intended_Truck_newtimings.mp4","<h3> <p style=""text-align: center;""> Is it morally permissible for the agent to alert the driver to turn left?","Unprohibted_BetterAlternative_Equipment_Intended_","Unprohibted_BetterAlternative_Equipment_Intended_Truck","No","Yes","No","No","No","Yes","Unprohibted_BetterAlternative_Equipment_Intended_Truck_newtimings.mp4","Human","truck","No"
"203",203,"Trial",NA,1,NA,"Unprohibted_BetterAlternative_Truck_newtimings.mp4","<h3> <p style=""text-align: center;""> Is it morally permissible for the agent to alert the driver to turn left?","Unprohibted_BetterAlternative_","Unprohibted_BetterAlternative_Truck","Yes","Yes","No","No","No","Yes","Unprohibted_BetterAlternative_Truck_newtimings.mp4","Human","truck","Yes"
"204",204,"Trial",NA,1,NA,"BetterAlternative_DisproportionateCost_Mine_newtimings.mp4","<h3> <p style=""text-align: center;""> Is it morally permissible for the agent to press the button?","BetterAlternative_DisproportionateCost_","BetterAlternative_DisproportionateCost_Mine","Yes","No","No","Yes","No","No","BetterAlternative_DisproportionateCost_Mine_newtimings.mp4","Human","mine","Yes"
"205",205,"Trial",NA,1,NA,"Footbridge_Equipment_Save_Mine_newtimings.mp4","<h3> <p style=""text-align: center;""> Is it morally permissible for the agent to throw the man?","Footbridge_Equipment_Save_","Footbridge_Equipment_Save_Mine","Yes","No","Yes","Yes","No","No","Footbridge_Equipment_Save_Mine_newtimings.mp4","Human","mine","Yes"
"206",206,"Trial",NA,1,NA,"Unprohibited_BetterAlternative_Equipment_Intended_DisproportionateCost_Mine_newtimings.mp4","<h3> <p style=""text-align: center;""> Is it morally permissible for the agent to press the button?","Unprohibited_BetterAlternative_Equipment_Intended_DisproportionateCost_","Unprohibited_BetterAlternative_Equipment_Intended_DisproportionateCost_Mine","No","No","No","No","No","Yes","Unprohibited_BetterAlternative_Equipment_Intended_DisproportionateCost_Mine_newtimings.mp4","Human","mine","No"
"207",207,"Trial",NA,1,NA,"Unprohibted_BetterAlternative_DisproportionateCost_Mine_newtimings.mp4","<h3> <p style=""text-align: center;""> Is it morally permissible for the agent to press the button?","Unprohibted_BetterAlternative_DisproportionateCost_","Unprohibted_BetterAlternative_DisproportionateCost_Mine","Yes","No","No","No","No","Yes","Unprohibted_BetterAlternative_DisproportionateCost_Mine_newtimings.mp4","Human","mine","Yes"
"208",208,"Trial",NA,1,NA,"Unprohibted_BetterAlternative_Equipment_Intended_Mine_newtimings.mp4","<h3> <p style=""text-align: center;""> Is it morally permissible for the agent to press the button?","Unprohibted_BetterAlternative_Equipment_Intended_","Unprohibted_BetterAlternative_Equipment_Intended_Mine","No","Yes","No","No","No","Yes","Unprohibted_BetterAlternative_Equipment_Intended_Mine_newtimings.mp4","Human","mine","No"
"209",209,"Trial",NA,1,NA,"Unprohibted_BetterAlternative_Mine_newtimings.mp4","<h3> <p style=""text-align: center;""> Is it morally permissible for the agent to press the button?","Unprohibted_BetterAlternative_","Unprohibted_BetterAlternative_Mine","Yes","Yes","No","No","No","Yes","Unprohibted_BetterAlternative_Mine_newtimings.mp4","Human","mine","Yes"
"210",210,"Trial",NA,1,NA,"Bystander_Truck_AI.mp4","<h3> <p style=""text-align: center;""> Is it morally permissible for the agent to alert the driver to turn left?","bystander","bystanderTruck","Yes","Yes","Yes","Yes","Yes","Yes","Bystander_Truck_AI.mp4","AI","truck","Yes"
"211",211,"Trial",NA,1,NA,"Footbridge_Truck_AI.mp4","<h3> <p style=""text-align: center;""> Is it morally permissible for the agent to throw the man?","footbridge","footbridgeTruck","No","Yes","Yes","Yes","No","No","Footbridge_Truck_AI.mp4","AI","truck","No"
"212",212,"Trial",NA,1,NA,"ExpensiveEquipment_Truck_AI.mp4","<h3> <p style=""text-align: center;""> Is it morally permissible for the agent to alert the driver to turn left?","expensive equipment","expensive equipmentTruck","Yes","No","No","Yes","No","No","ExpensiveEquipment_Truck_AI.mp4","AI","truck","Yes"
"213",213,"Trial",NA,1,NA,"ImpliedConsent_Truck_AI.mp4","<h3> <p style=""text-align: center;""> Is it morally permissible for the agent to throw the man?","implied consent","implied consentTruck","Yes","Yes","Yes","Yes","Yes","Yes","ImpliedConsent_Truck_AI.mp4","AI","truck","Yes"
"214",214,"Trial",NA,1,NA,"IntentionalHomicide_Truck_AI.mp4","<h3> <p style=""text-align: center;""> Is it morally permissible for the agent to alert the driver to turn left?","intentional homicide","intentional homicideTruck","No","Yes","Yes","Yes","No","No","IntentionalHomicide_Truck_AI.mp4","AI","truck","No"
"215",215,"Trial",NA,1,NA,"LoopTrack_Truck_AI.mp4","<h3> <p style=""text-align: center;""> Is it morally permissible for the agent to alert the driver to turn left?","loop","loopTruck","No","Yes","Yes","Yes","No","No","LoopTrack_Truck_AI.mp4","AI","truck","No"
"216",216,"Trial",NA,1,NA,"ManInFront_Truck_AI.mp4","<h3> <p style=""text-align: center;""> Is it morally permissible for the agent to alert the driver to turn left?","man-in-front","man-in-frontTruck","Yes","Yes","Yes","Yes","Yes","Yes","ManInFront_Truck_AI.mp4","AI","truck","Yes"
"217",217,"Trial",NA,1,NA,"CostlessRescue_Truck_AI.mp4","<h3> <p style=""text-align: center;""> Is it morally permissible for the agent to alert the driver to turn left?","costless rescue","costless rescueTruck","Yes","Yes","Yes","No","Yes","Yes","CostlessRescue_Truck_AI.mp4","AI","truck","Yes"
"218",218,"Trial",NA,1,NA,"BetterAlternative_Truck_AI.mp4","<h3> <p style=""text-align: center;""> Is it morally permissible for the agent to alert the driver to turn left?","better alternative","better alternativeTruck","Yes","Yes","No","Yes","No","No","BetterAlternative_Truck_AI.mp4","AI","truck","Yes"
"219",219,"Trial",NA,1,NA,"DisproportionalDeath_Truck_AI.mp4","<h3> <p style=""text-align: center;""> Is it morally permissible for the agent to alert the driver to turn left?","disproportionate death","disproportionate deathTruck","Yes","No","No","Yes","No","No","DisproportionalDeath_Truck_AI.mp4","AI","truck","Yes"
"220",220,"Trial",NA,1,NA,"DropMan_Truck_AI.mp4","<h3> <p style=""text-align: center;""> Is it morally permissible for the agent to throw the switch?","drop man","drop manTruck","No","Yes","Yes","Yes","No","No","DropMan_Truck_AI.mp4","AI","truck","No"
"221",221,"Trial",NA,1,NA,"CollapseBridge_Truck_AI.mp4","<h3> <p style=""text-align: center;""> Is it morally permissible for the agent to throw the switch?","collapse bridge","collapse bridgeTruck","Yes","Yes","Yes","Yes","Yes","Yes","CollapseBridge_Truck_AI.mp4","AI","truck","Yes"
"222",222,"Trial",NA,1,NA,"Bystander_Mine_AI.mp4","<h3> <p style=""text-align: center;""> Is it morally permissible for the agent to press the button?","bystander","bystanderMine","Yes","Yes","Yes","Yes","Yes","Yes","Bystander_Mine_AI.mp4","AI","mine","Yes"
"223",223,"Trial",NA,1,NA,"Footbridge_Mine_AI.mp4","<h3> <p style=""text-align: center;""> Is it morally permissible for the agent to throw the man?","footbridge","footbridgeMine","No","Yes","Yes","Yes","No","No","Footbridge_Mine_AI.mp4","AI","mine","No"
"224",224,"Trial",NA,1,NA,"ExpensiveEquipment_Mine_AI.mp4","<h3> <p style=""text-align: center;""> Is it morally permissible for the agent to press the button?","expensive equipment","expensive equipmentMine","Yes","No","No","Yes","No","No","ExpensiveEquipment_Mine_AI.mp4","AI","mine","Yes"
"225",225,"Trial",NA,1,NA,"Implied_Consent_Mine_AI.mp4","<h3> <p style=""text-align: center;""> Is it morally permissible for the agent to throw the man?","implied consent","implied consentMine","Yes","Yes","Yes","Yes","Yes","Yes","Implied_Consent_Mine_AI.mp4","AI","mine","Yes"
"226",226,"Trial",NA,1,NA,"IntentionalHomicide_Mine_AI.mp4","<h3> <p style=""text-align: center;""> Is it morally permissible for the agent to press the button?","intentional homicide","intentional homicideMine","No","Yes","Yes","Yes","No","No","IntentionalHomicide_Mine_AI.mp4","AI","mine","No"
"227",227,"Trial",NA,1,NA,"LoopTrack_Mine_AI.mp4","<h3> <p style=""text-align: center;""> Is it morally permissible for the agent to press the button?","loop","loopMine","No","Yes","Yes","Yes","No","No","LoopTrack_Mine_AI.mp4","AI","mine","No"
"228",228,"Trial",NA,1,NA,"ManInFront_Mine_AI.mp4","<h3> <p style=""text-align: center;""> Is it morally permissible for the agent to press the button?","man-in-front","man-in-frontMine","Yes","Yes","Yes","Yes","Yes","Yes","ManInFront_Mine_AI.mp4","AI","mine","Yes"
"229",229,"Trial",NA,1,NA,"CostlessRescue_Mine_AI.mp4","<h3> <p style=""text-align: center;""> Is it morally permissible for the agent to press the button?","costless rescue","costless rescueMine","Yes","Yes","Yes","No","Yes","Yes","CostlessRescue_Mine_AI.mp4","AI","mine","Yes"
"230",230,"Trial",NA,1,NA,"BetterAlternative_Mine_AI.mp4","<h3> <p style=""text-align: center;""> Is it morally permissible for the agent to press the button?","better alternative","better alternativeMine","Yes","Yes","No","Yes","No","No","BetterAlternative_Mine_AI.mp4","AI","mine","Yes"
"231",231,"Trial",NA,1,NA,"DisproportionalDeath_Mine_AI.mp4","<h3> <p style=""text-align: center;""> Is it morally permissible for the agent to press the button?","disproportionate death","disproportionate deathMine","Yes","No","No","Yes","No","No","DisproportionalDeath_Mine_AI.mp4","AI","mine","Yes"
"232",232,"Trial",NA,1,NA,"DropMan_Mine_AI.mp4","<h3> <p style=""text-align: center;""> Is it morally permissible for the agent to press the button?","drop man","drop manMine","No","Yes","Yes","Yes","No","No","DropMan_Mine_AI.mp4","AI","mine","No"
"233",233,"Trial",NA,1,NA,"CollapseBridge_Mine_AI.mp4","<h3> <p style=""text-align: center;""> Is it morally permissible for the agent to press the button?","collapse bridge","collapse bridgeMine","Yes","Yes","Yes","Yes","Yes","Yes","CollapseBridge_Mine_AI.mp4","AI","mine","Yes"
"234",234,"Trial",NA,1,NA,"Bystander_PHO_Truck_AI.mp4","<h3> <p style=""text-align: center;""> Is it morally permissible for the agent to alert the driver to turn left?","BystanderPHO","BystanderPHOTruck","Yes","No","Yes","Yes","Yes","No","Bystander_PHO_Truck_AI.mp4","AI","truck","Yes"
"235",235,"Trial",NA,1,NA,"Bystander_PHA&O_Truck_AI.mp4","<h3> <p style=""text-align: center;""> Is it morally permissible for the agent to alert the driver to turn left?","BystanderPHA&O","BystanderPHA&OTruck","No","Yes","Yes","Yes","No","No","Bystander_PHA&O_Truck_AI.mp4","AI","truck","No"
"236",236,"Trial",NA,1,NA,"Footbridge_PHA_Truck_AI.mp4","<h3> <p style=""text-align: center;""> Is it morally permissible for the agent to throw the man?","FootbridgePHA","FootbridgePHATruck","No","Yes","Yes","Yes","No","No","Footbridge_PHA_Truck_AI.mp4","AI","truck","No"
"237",237,"Trial",NA,1,NA,"Footbridge_PHO_Truck_AI.mp4","<h3> <p style=""text-align: center;""> Is it morally permissible for the agent to throw the man?","FootbridgePHO","FootbridgePHOTruck","Yes","Yes","Yes","Yes","No","No","Footbridge_PHO_Truck_AI.mp4","AI","truck","Yes"
"238",238,"Trial",NA,1,NA,"Footbridge_PHA&O_Truck_AI.mp4","<h3> <p style=""text-align: center;""> Is it morally permissible for the agent to throw the man?","FootbridgePHA&O","FootbridgePHA&OTruck","No","Yes","Yes","Yes","No","No","Footbridge_PHA&O_Truck_AI.mp4","AI","truck","No"
"239",239,"Trial",NA,1,NA,"ExpensiveRescue_Truck_AI.mp4","<h3> <p style=""text-align: center;""> Is it morally permissible for the agent to alert the driver to turn left?","ExpensiveRescue","ExpensiveRescueTruck","Yes","Yes","Yes","No","Yes","Yes","ExpensiveRescue_Truck_AI.mp4","AI","truck","Yes"
"240",240,"Trial",NA,1,NA,"InexpensiveRescue_Truck_AI.mp4","<h3> <p style=""text-align: center;""> Is it morally permissible for the agent to alert the driver to turn left?","InexpensiveRescue","InexpensiveRescueTruck","Yes","Yes","Yes","No","Yes","Yes","InexpensiveRescue_Truck_AI.mp4","AI","truck","Yes"
"241",241,"Trial",NA,1,NA,"SubstitutedConsent_Truck_AI.mp4","<h3> <p style=""text-align: center;""> Is it morally permissible for the agent to throw the man?","SubstitutedConsent","SubstitutedConsentTruck","No","Yes","Yes","Yes","No","Yes","SubstitutedConsent_Truck_AI.mp4","AI","truck","No"
"242",242,"Trial",NA,1,NA,"HypotheticalConsent_Truck_AI.mp4","<h3> <p style=""text-align: center;""> Is it morally permissible for the agent to throw the man?","HypotheticalConsent","HypotheticalConsentTruck","No","Yes","Yes","No","No","Yes","HypotheticalConsent_Truck_AI.mp4","AI","truck","No"
"243",243,"Trial",NA,1,NA,"SuicidalRescue_Truck_AI.mp4","<h3> <p style=""text-align: center;""> Is it morally permissible for the agent to throw himself?","SuicidalRescue","SuicidalRescueTruck","Yes","Yes","Yes","Yes","Yes","Yes","SuicidalRescue_Truck_AI.mp4","AI","truck","Yes"
"244",244,"Trial",NA,1,NA,"EfficientRisk_Truck_AI.mp4","<h3> <p style=""text-align: center;""> Is it morally permissible for the agent to alert the driver to turn left?","EfficientRisk","EfficientRiskTruck","Yes","Yes","Yes","No","Yes","Yes","EfficientRisk_Truck_AI.mp4","AI","truck","Yes"
"245",245,"Trial",NA,1,NA,"InefficientRisk_Truck_AI.mp4","<h3> <p style=""text-align: center;""> Is it morally permissible for the agent to alert the driver to turn left?","InefficientRisk","InefficientRiskTruck","Yes","No","Yes","No","No","No","InefficientRisk_Truck_AI.mp4","AI","truck","Yes"
"246",246,"Trial",NA,1,NA,"DropEquipment_Truck_AI.mp4","<h3> <p style=""text-align: center;""> Is it morally permissible for the agent to throw the switch?","DropEquipment","DropEquipmentTruck","No","Yes","Yes","No","No","Yes","DropEquipment_Truck_AI.mp4","AI","truck","No"
"247",247,"Trial",NA,1,NA,"ExpensiveCollapse_Truck_AI.mp4","<h3> <p style=""text-align: center;""> Is it morally permissible for the agent to throw the switch?","ExpensiveCollapse","ExpensiveCollapseTruck","Yes","Yes","Yes","No","Yes","Yes","ExpensiveCollapse_Truck_AI.mp4","AI","truck","Yes"
"248",248,"Trial",NA,1,NA,"Bystander_PHO_Mine_AI.mp4","<h3> <p style=""text-align: center;""> Is it morally permissible for the agent to press the button?","BystanderPHO","BystanderPHOMine","Yes","No","Yes","Yes","Yes","No","Bystander_PHO_Mine_AI.mp4","AI","mine","Yes"
"249",249,"Trial",NA,1,NA,"Bystander_PHA&O_Mine_AI.mp4","<h3> <p style=""text-align: center;""> Is it morally permissible for the agent to press the button?","BystanderPHA&O","BystanderPHA&OMine","No","Yes","Yes","Yes","No","No","Bystander_PHA&O_Mine_AI.mp4","AI","mine","No"
"250",250,"Trial",NA,1,NA,"Footbridge_PHA_Mine_AI.mp4","<h3> <p style=""text-align: center;""> Is it morally permissible for the agent to throw the man?","FootbridgePHA","FootbridgePHAMine","No","Yes","Yes","Yes","No","No","Footbridge_PHA_Mine_AI.mp4","AI","mine","No"
"251",251,"Trial",NA,1,NA,"Footbridge_PHO_Mine_AI.mp4","<h3> <p style=""text-align: center;""> Is it morally permissible for the agent to throw the man?","FootbridgePHO","FootbridgePHOMine","Yes","Yes","Yes","Yes","No","No","Footbridge_PHO_Mine_AI.mp4","AI","mine","Yes"
"252",252,"Trial",NA,1,NA,"Footbridge_PHA&O_Mine_AI.mp4","<h3> <p style=""text-align: center;""> Is it morally permissible for the agent to throw the man?","FootbridgePHA&O","FootbridgePHA&OMine","No","Yes","Yes","Yes","No","No","Footbridge_PHA&O_Mine_AI.mp4","AI","mine","No"
"253",253,"Trial",NA,1,NA,"ExpensiveRescue_Mine_AI.mp4","<h3> <p style=""text-align: center;""> Is it morally permissible for the agent to press the button?","ExpensiveRescue","ExpensiveRescueMine","Yes","Yes","Yes","No","Yes","Yes","ExpensiveRescue_Mine_AI.mp4","AI","mine","Yes"
"254",254,"Trial",NA,1,NA,"InexpensiveRescue_Mine_AI.mp4","<h3> <p style=""text-align: center;""> Is it morally permissible for the agent to press the button?","InexpensiveRescue","InexpensiveRescueMine","Yes","Yes","Yes","No","Yes","Yes","InexpensiveRescue_Mine_AI.mp4","AI","mine","Yes"
"255",255,"Trial",NA,1,NA,"SubstitutedConsent_Mine_AI.mp4","<h3> <p style=""text-align: center;""> Is it morally permissible for the agent to throw the man?","SubstitutedConsent","SubstitutedConsentMine","No","Yes","Yes","Yes","No","Yes","SubstitutedConsent_Mine_AI.mp4","AI","mine","No"
"256",256,"Trial",NA,1,NA,"HypotheticalConsent_Mine_AI.mp4","<h3> <p style=""text-align: center;""> Is it morally permissible for the agent to throw the man?","HypotheticalConsent","HypotheticalConsentMine","No","Yes","Yes","No","No","Yes","HypotheticalConsent_Mine_AI.mp4","AI","mine","No"
"257",257,"Trial",NA,1,NA,"SuicidalRescue_Mine_AI.mp4","<h3> <p style=""text-align: center;""> Is it morally permissible for the agent to throw himself?","SuicidalRescue","SuicidalRescueMine","Yes","Yes","Yes","Yes","Yes","Yes","SuicidalRescue_Mine_AI.mp4","AI","mine","Yes"
"258",258,"Trial",NA,1,NA,"EfficientRisk_Mine_AI.mp4","<h3> <p style=""text-align: center;""> Is it morally permissible for the agent to press the button?","EfficientRisk","EfficientRiskMine","Yes","Yes","Yes","No","Yes","Yes","EfficientRisk_Mine_AI.mp4","AI","mine","Yes"
"259",259,"Trial",NA,1,NA,"InefficientRisk_Mine_AI.mp4","<h3> <p style=""text-align: center;""> Is it morally permissible for the agent to press the button?","InefficientRisk","InefficientRiskMine","Yes","No","Yes","No","No","No","InefficientRisk_Mine_AI.mp4","AI","mine","Yes"
"260",260,"Trial",NA,1,NA,"DropEquipment_Mine_AI.mp4","<h3> <p style=""text-align: center;""> Is it morally permissible for the agent to press the button?","DropEquipment","DropEquipmentMine","No","Yes","Yes","No","No","Yes","DropEquipment_Mine_AI.mp4","AI","mine","No"
"261",261,"Trial",NA,1,NA,"ExpensiveCollapse_Mine_AI.mp4","<h3> <p style=""text-align: center;""> Is it morally permissible for the agent to press the button?","ExpensiveCollapse","ExpensiveCollapseMine","Yes","Yes","Yes","No","Yes","Yes","ExpensiveCollapse_Mine_AI.mp4","AI","mine","Yes"
"262",262,"Trial",NA,1,NA,"BetterAlternative_DisproportionateCost_Truck_AI.mp4","<h3> <p style=""text-align: center;""> Is it morally permissible for the agent to alert the driver to turn left?","BetterAlternative_DisproportionateCost_","BetterAlternative_DisproportionateCost_Truck","Yes","No","No","Yes","No","No","BetterAlternative_DisproportionateCost_Truck_AI.mp4","AI","truck","Yes"
"263",263,"Trial",NA,1,NA,"Footbridge_Equipment_Save_Truck_AI.mp4","<h3> <p style=""text-align: center;""> Is it morally permissible for the agent to throw the man?","Footbridge_Equipment_Save_","Footbridge_Equipment_Save_Truck","Yes","No","Yes","Yes","No","No","Footbridge_Equipment_Save_Truck_AI.mp4","AI","truck","Yes"
"264",264,"Trial",NA,1,NA,"Unprohibited_BetterAlternative_Equipment_Intended_DisproportionateCost_Truck_AI.mp4","<h3> <p style=""text-align: center;""> Is it morally permissible for the agent to alert the driver to turn left?","Unprohibited_BetterAlternative_Equipment_Intended_DisproportionateCost_","Unprohibited_BetterAlternative_Equipment_Intended_DisproportionateCost_Truck","No","No","No","No","No","Yes","Unprohibited_BetterAlternative_Equipment_Intended_DisproportionateCost_Truck_AI.mp4","AI","truck","No"
"265",265,"Trial",NA,1,NA,"Unprohibted_BetterAlternative_DisproportionateCost_Truck_AI.mp4","<h3> <p style=""text-align: center;""> Is it morally permissible for the agent to alert the driver to turn left?","Unprohibted_BetterAlternative_DisproportionateCost_","Unprohibted_BetterAlternative_DisproportionateCost_Truck","Yes","No","No","No","No","Yes","Unprohibted_BetterAlternative_DisproportionateCost_Truck_AI.mp4","AI","truck","Yes"
"266",266,"Trial",NA,1,NA,"Unprohibted_BetterAlternative_Equipment_Intended_Truck_AI.mp4","<h3> <p style=""text-align: center;""> Is it morally permissible for the agent to alert the driver to turn left?","Unprohibted_BetterAlternative_Equipment_Intended_","Unprohibted_BetterAlternative_Equipment_Intended_Truck","No","Yes","No","No","No","Yes","Unprohibted_BetterAlternative_Equipment_Intended_Truck_AI.mp4","AI","truck","No"
"267",267,"Trial",NA,1,NA,"Unprohibted_BetterAlternative_Truck_AI.mp4","<h3> <p style=""text-align: center;""> Is it morally permissible for the agent to alert the driver to turn left?","Unprohibted_BetterAlternative_","Unprohibted_BetterAlternative_Truck","Yes","Yes","No","No","No","Yes","Unprohibted_BetterAlternative_Truck_AI.mp4","AI","truck","Yes"
"268",268,"Trial",NA,1,NA,"BetterAlternative_DisproportionateCost_Mine_AI.mp4","<h3> <p style=""text-align: center;""> Is it morally permissible for the agent to press the button?","BetterAlternative_DisproportionateCost_","BetterAlternative_DisproportionateCost_Mine","Yes","No","No","Yes","No","No","BetterAlternative_DisproportionateCost_Mine_AI.mp4","AI","mine","Yes"
"269",269,"Trial",NA,1,NA,"Footbridge_Equipment_Save_Mine_AI.mp4","<h3> <p style=""text-align: center;""> Is it morally permissible for the agent to throw the man?","Footbridge_Equipment_Save_","Footbridge_Equipment_Save_Mine","Yes","No","Yes","Yes","No","No","Footbridge_Equipment_Save_Mine_AI.mp4","AI","mine","Yes"
"270",270,"Trial",NA,1,NA,"Unprohibited_BetterAlternative_Equipment_Intended_DisproportionateCost_Mine_AI.mp4","<h3> <p style=""text-align: center;""> Is it morally permissible for the agent to press the button?","Unprohibited_BetterAlternative_Equipment_Intended_DisproportionateCost_","Unprohibited_BetterAlternative_Equipment_Intended_DisproportionateCost_Mine","No","No","No","No","No","Yes","Unprohibited_BetterAlternative_Equipment_Intended_DisproportionateCost_Mine_AI.mp4","AI","mine","No"
"271",271,"Trial",NA,1,NA,"Unprohibted_BetterAlternative_DisproportionateCost_Mine_AI.mp4","<h3> <p style=""text-align: center;""> Is it morally permissible for the agent to press the button?","Unprohibted_BetterAlternative_DisproportionateCost_","Unprohibted_BetterAlternative_DisproportionateCost_Mine","Yes","No","No","No","No","Yes","Unprohibted_BetterAlternative_DisproportionateCost_Mine_AI.mp4","AI","mine","Yes"
"272",272,"Trial",NA,1,NA,"Unprohibted_BetterAlternative_Equipment_Intended_Mine_AI.mp4","<h3> <p style=""text-align: center;""> Is it morally permissible for the agent to press the button?","Unprohibted_BetterAlternative_Equipment_Intended_","Unprohibted_BetterAlternative_Equipment_Intended_Mine","No","Yes","No","No","No","Yes","Unprohibted_BetterAlternative_Equipment_Intended_Mine_AI.mp4","AI","mine","No"
"273",273,"Trial",NA,1,NA,"Unprohibted_BetterAlternative_Mine_AI.mp4","<h3> <p style=""text-align: center;""> Is it morally permissible for the agent to press the button?","Unprohibted_BetterAlternative_","Unprohibted_BetterAlternative_Mine","Yes","Yes","No","No","No","Yes","Unprohibted_BetterAlternative_Mine_AI.mp4","AI","mine","Yes"
"274",274,"Trial",NA,1,NA,"SubstitutedConsent_2_Truck_AI.mp4","<h3> <p style=""text-align: center;""> Is it morally permissible for the agent to throw the man?","SubstitutedConsent","SubstitutedConsent2Truck","No","Yes","Yes","Yes","Yes","Yes","SubstitutedConsent_Truck_newtimings.mp4","AI","truck","No"
"275",275,"Trial",NA,1,NA,"SubstitutedConsent_2_Truck_newtimings.mp4","<h3> <p style=""text-align: center;""> Is it morally permissible for the agent to throw the man?","SubstitutedConsent","SubstitutedConsent2Truck","No","Yes","Yes","Yes","Yes","Yes","SubstitutedConsent_Truck_newtimings.mp4","Human","truck","No"
"276",276,"Trial",NA,1,NA,"SubstitutedConsent_2_Mine_AI.mp4","<h3> <p style=""text-align: center;""> Is it morally permissible for the agent to throw the man?","SubstitutedConsent","SubstitutedConsent2Mine","No","Yes","Yes","Yes","Yes","Yes","SubstitutedConsent_Mine_AI.mp4","AI","mine","No"
"277",277,"Trial",NA,1,NA,"SubstitutedConsent_2_Mine_newtimings.mp4","<h3> <p style=""text-align: center;""> Is it morally permissible for the agent to throw the man?","SubstitutedConsent","SubstitutedConsent2Mine","No","Yes","Yes","Yes","Yes","Yes","SubstitutedConsent_Mine_AI.mp4","Human","mine","No"
"278",278,"Trial",NA,1,NA,"Omission_Footbridge_PHO_Truck_newtimings.mp4","<h3> <p style=""text-align: center;""> Is it morally permissible for the agent <strong>not</strong> to throw the man?","OmissionFootbridgePHO","OmissionFootbridgePHOTruck","Yes","No","Yes","No","No","No","Omission_Footbridge_PHO_Truck_newtimings.mp4","Human","truck","Yes"
"279",279,"Trial",NA,1,NA,"Omission_Footbridge_PHO_Truck_AI.mp4","<h3> <p style=""text-align: center;""> Is it morally permissible for the agent <strong>not</strong> to throw the man?","OmissionFootbridgePHO","OmissionFootbridgePHOTruck","Yes","No","Yes","No","No","No","Omission_Footbridge_PHO_Truck_AI.mp4","AI","truck","Yes"
"280",280,"Trial",NA,1,NA,"Omission_Bystander_PHO_Truck_newtimings.mp4","<h3> <p style=""text-align: center;""> Is it morally permissible for the agent <strong>not</strong> to alert the driver to turn left?","OmissionBystanderPHO","OmissionBystanderPHOTruck","Yes","No","Yes","No","No","No","Omission_Bystander_PHO_Truck_newtimings.mp4","Human","truck","Yes"
"281",281,"Trial",NA,1,NA,"Omission_Bystander_PHO_Truck_AI.mp4","<h3> <p style=""text-align: center;""> Is it morally permissible for the agent <strong>not</strong> to alert the driver to turn left?","OmissionBystanderPHO","OmissionBystanderPHOTruck","Yes","No","Yes","No","No","No","Omission_Bystander_PHO_Truck_AI.mp4","AI","truck","Yes"
"282",282,"Trial",NA,1,NA,"Omission_Footbridge_PHO_Mine_newtimings.mp4","<h3> <p style=""text-align: center;""> Is it morally permissible for the agent <strong>not</strong> to throw the man?","OmissionFootbridgePHO","OmissionFootbridgePHOMine","Yes","No","Yes","No","No","No","Omission_Footbridge_PHO_Mine_newtimings.mp4","Human","mine","Yes"
"283",283,"Trial",NA,1,NA,"Omission_Footbridge_PHO_Mine_AI.mp4","<h3> <p style=""text-align: center;""> Is it morally permissible for the agent <strong>not</strong> to throw the man?","OmissionFootbridgePHO","OmissionFootbridgePHOMine","Yes","No","Yes","No","No","No","Omission_Footbridge_PHO_Mine_AI.mp4","AI","mine","Yes"
"284",284,"Trial",NA,1,NA,"Omission_Bystander_PHO_Mine_newtimings.mp4","<h3> <p style=""text-align: center;""> Is it morally permissible for the agent <strong>not</strong> to press the button?","OmissionBystanderPHO","OmissionBystanderPHOMine","Yes","No","Yes","No","No","No","Omission_Bystander_PHO_Mine_newtimings.mp4","Human","mine","Yes"
"285",285,"Trial",NA,1,NA,"Omission_Bystander_PHO_Mine_AI.mp4","<h3> <p style=""text-align: center;""> Is it morally permissible for the agent <strong>not</strong> to press the button?","OmissionBystanderPHO","OmissionBystanderPHOMine","Yes","No","Yes","No","No","No","Omission_Bystander_PHO_Mine_AI.mp4","AI","mine","Yes"
"286",286,"Trial",NA,1,NA,"DropEquipment_Mine_Hang.mp4","<h3> <p style=""text-align: center;""> Is it morally permissible for the agent to press the button?","DropEquipment","DropEquipmentMineHang","Yes","Yes","Yes","No","No","No","DropEquipment_Mine_Hang.mp4","Human","mine","Yes"
"287",287,"Trial",NA,1,NA,"DropMan_Mine_Hang.mp4","<h3> <p style=""text-align: center;""> Is it morally permissible for the agent to press the button?","drop man","DropManMineHang","No","Yes","Yes","Yes","Yes","No","DropMan_Mine_Hang.mp4","Human","mine","No"
"288",288,"Trial",NA,1,NA,"DropMan_Mine_Hang_AI.mp4","<h3> <p style=""text-align: center;""> Is it morally permissible for the agent to press the button?","drop man","DropManMineHang","No","Yes","Yes","Yes","Yes","No","DropMan_Mine_Hang_AI.mp4","AI","mine","No"
"289",289,"Trial",NA,1,NA,"DropEquipment_Mine_Hang_AI.mp4","<h3> <p style=""text-align: center;""> Is it morally permissible for the agent to press the button?","DropEquipment","DropEquipmentMineHang","Yes","Yes","Yes","No","No","No","DropEquipment_Mine_Hang_AI.mp4","AI","mine","Yes"
"290",290,"end",NA,NA,NA,NA,NA,NA,NA,NA,NA,NA,NA,NA,NA,NA,NA,NA,NA
